{
	"biome": "biomesoplenty:visceral_heap",
	"generationWeight": 4,
	"useDefaultDecorations": true,
	"isSubBiome": false,
	"blocks": {},
	"entities": [
		{
			"spawnWeight": 50,
			"minimumGroupCount": 4,
			"maximumGroupCount": 4,
			"entity": "minecraft:ghast"
		}, 
		{
			"spawnWeight": 100,
			"minimumGroupCount": 4,
			"maximumGroupCount": 4,
			"entity": "minecraft:zombie_pigman"
		}, 
		{
			"spawnWeight": 2,
			"minimumGroupCount": 4,
			"maximumGroupCount": 4,
			"entity": "minecraft:magma_cube"
		}, 
		{
			"spawnWeight": 1,
			"minimumGroupCount": 4,
			"maximumGroupCount": 4,
			"entity": "minecraft:enderman"
		}, 
		{
			"spawnWeight": 30,
			"minimumGroupCount": 4,
			"maximumGroupCount": 8,
			"entity": "mod_lavacow:salamander"
		}, 
		{
			"spawnWeight": 15,
			"minimumGroupCount": 1,
			"maximumGroupCount": 3,
			"entity": "abyssalcraft:demonpig"
		}, 
		{
			"spawnWeight": 15,
			"minimumGroupCount": 1,
			"maximumGroupCount": 3,
			"entity": "abyssalcraft:demoncow"
		}, 
		{
			"spawnWeight": 15,
			"minimumGroupCount": 1,
			"maximumGroupCount": 3,
			"entity": "abyssalcraft:demonchicken"
		}, 
		{
			"spawnWeight": 15,
			"minimumGroupCount": 1,
			"maximumGroupCount": 3,
			"entity": "abyssalcraft:demonsheep"
		}, 
		{
			"spawnWeight": 5,
			"minimumGroupCount": 1,
			"maximumGroupCount": 2,
			"entity": "minecraft:blaze"
		}, 
		{
			"spawnWeight": 4,
			"minimumGroupCount": 1,
			"maximumGroupCount": 2,
			"entity": "quark:foxhound"
		}, 
		{
			"spawnWeight": 60,
			"minimumGroupCount": 4,
			"maximumGroupCount": 6,
			"entity": "quark:wraith"
		}, 
		{
			"spawnWeight": 12,
			"minimumGroupCount": 1,
			"maximumGroupCount": 1,
			"entity": "grimoireofgaia:vase_nether"
		}, 
		{
			"spawnWeight": 16,
			"minimumGroupCount": 2,
			"maximumGroupCount": 4,
			"entity": "grimoireofgaia:succubus"
		}, 
		{
			"spawnWeight": 12,
			"minimumGroupCount": 2,
			"maximumGroupCount": 4,
			"entity": "grimoireofgaia:wither_cow"
		}, 
		{
			"spawnWeight": 12,
			"minimumGroupCount": 2,
			"maximumGroupCount": 4,
			"entity": "grimoireofgaia:baphomet"
		}, 
		{
			"spawnWeight": 2,
			"minimumGroupCount": 1,
			"maximumGroupCount": 1,
			"entity": "mowziesmobs:grottol"
		}, 
		{
			"spawnWeight": 5,
			"minimumGroupCount": 1,
			"maximumGroupCount": 1,
			"entity": "grimpack:treasure"
		}, 
		{
			"spawnWeight": 6,
			"minimumGroupCount": 1,
			"maximumGroupCount": 4,
			"entity": "grimpack:parabuzzy"
		}
	],
	"traits": [],
	"subBiomes": []
}