{"stat.leaveGame":4,"stat.pickup.grimoireofgaia.misc_soul_fire":1,"stat.pickup.dungeontactics.cherry_bomb":11,"stat.pickup.mod_lavacow.cursed_fabric":2,"stat.useItem.minecraft.planks":87,"stat.craftItem.minecraft.shield":1,"stat.mineBlock.minecraft.web":11,"stat.drop.dynamictrees.birchseed":1,"stat.drop.minecraft.bowl":1,"stat.pickup.minecraft.porkchop":9,"stat.useItem.minecraft.water_bucket":18,"stat.pickup.minecraft.rotten_flesh":23,"stat.pickup.minecraft.leather_boots":1,"stat.mineBlock.explorercraft.marble":18,"stat.pickup.minecraft.record_ward":1,"stat.pickup.dungeontactics.iron_cluster":77,"stat.pickup.dynamictrees.spruceseed":4,"stat.pickup.grimoireofgaia.misc_fur":1,"stat.killEntity.grimoireofgaia.dwarf":3,"stat.killEntity.Witch":1,"stat.pickup.quark.tallow":9,"stat.drop.dynamictrees.spruceseed":4,"stat.craftItem.dungeontactics.iron_cutlass":3,"stat.pickup.grimoireofgaia.box_iron":2,"stat.craftItem.wearablebackpacks.backpack":1,"stat.craftItem.minecraft.bed":2,"stat.mineBlock.minecraft.vine":2,"stat.pickup.minecraft.record_far":1,"stat.pickup.artifacts.feral_claws":1,"stat.furnaceInteraction":40,"stat.mineBlock.quark.slate":1,"stat.killEntity.ZombieVillager":1,"stat.pickup.grimoireofgaia.food_coalfish":1,"stat.useItem.dynamictrees.birchseed":1,"stat.pickup.minecraft.beef":6,"stat.pickup.minecraft.furnace":9,"stat.pickup.minecraft.iron_chestplate":1,"stat.pickup.minecraft.skull":4,"stat.entityKilledBy.grimoireofgaia.deathword":1,"stat.pickup.grimoireofgaia.box_gold":1,"stat.pickup.minecraft.emerald":1,"stat.deaths":4,"stat.pickup.minecraft.bowl":1,"stat.playOneMinute":183138,"stat.pickup.minecraft.iron_bars":2,"stat.pickup.dungeontactics.fish_lava":1,"stat.mineBlock.minecraft.tallgrass":29,"stat.fishCaught":1,"stat.pickup.dungeontactics.bag_food":1,"stat.killEntity.mod_lavacow.raven":1,"stat.chestOpened":65,"stat.pickup.minecraft.spruce_door":1,"stat.killEntity.quark:crab":1,"stat.pickup.minecraft.arrow":15,"stat.useItem.dungeontactics.iron_cutlass":77,"stat.killEntity.grimoireofgaia.cecaelia":3,"stat.pickup.minecraft.gold_nugget":12,"stat.fallOneCm":45782,"stat.pickup.minecraft.carrot":1,"stat.pickup.quark.slate":1,"stat.pickup.dungeontactics.stone_plate_greaves":1,"stat.crouchOneCm":7746,"stat.craftItem.minecraft.chest":2,"stat.craftItem.minecraft.iron_ingot":63,"stat.useItem.quark.root_flower":1,"stat.craftingTableInteraction":42,"stat.pickup.minecraft.feather":1,"stat.useItem.minecraft.furnace":3,"stat.pickup.minecraft.dye":17,"stat.pickup.minecraft.planks":30,"stat.killEntity.Llama":3,"stat.pickup.minecraft.wheat_seeds":6,"stat.killEntity.grimoireofgaia.flesh_lich":1,"stat.mineBlock.minecraft.gravel":1,"stat.mineBlock.minecraft.dirt":34,"stat.craftItem.minecraft.leather":7,"stat.drop.minecraft.iron_axe":1,"stat.useItem.minecraft.torch":204,"stat.pickup.minecraft.iron_nugget":26,"stat.pickup.minecraft.crafting_table":11,"stat.useItem.minecraft.cobblestone":147,"stat.craftItem.minecraft.crafting_table":2,"stat.killEntity.grimoireofgaia.arachne":1,"stat.killEntity.grimoireofgaia.oni":5,"stat.mineBlock.quark.stone_speleothem":5,"stat.useItem.dynamictrees.oakseed":2,"stat.pickup.minecraft.log":71,"stat.killEntity.goblin2":2,"stat.killEntity.grimoireofgaia.nine_tails":1,"stat.pickup.minecraft.tipped_arrow":13,"stat.pickup.wearablebackpacks.backpack":1,"stat.pickup.minecraft.wooden_door":5,"stat.pickup.minecraft.beetroot":1,"stat.drop.dynamictrees.oakseed":1,"stat.craftItem.minecraft.planks":232,"stat.useItem.minecraft.iron_sword":7,"stat.craftItem.minecraft.wooden_door":3,"stat.mineBlock.minecraft.log":49,"stat.useItem.minecraft.wooden_door":2,"stat.useItem.minecraft.spruce_door":2,"stat.craftItem.dungeontactics.iron_shield":1,"stat.pickup.dungeontactics.bag_quiver":1,"stat.sneakTime":4266,"stat.pickup.minecraft.wool":11,"stat.useItem.minecraft.baked_potato":1,"stat.pickup.minecraft.stone_slab":2,"stat.pickup.minecraft.yellow_flower":1,"stat.useItem.minecraft.fishing_rod":5,"stat.craftItem.minecraft.spruce_door":3,"stat.pickup.minecraft.bone":23,"stat.useItem.minecraft.mushroom_stew":1,"stat.useItem.minecraft.iron_axe":141,"stat.pickup.explorercraft.basalt_cobblestone":17,"stat.useItem.explorercraft.amethyst_pickaxe":460,"stat.mineBlock.minecraft.cobblestone":19,"stat.craftItem.minecraft.wool":1,"stat.swimOneCm":97768,"stat.climbOneCm":551,"stat.pickup.minecraft.enchanted_book":1,"stat.pickup.minecraft.cooked_porkchop":6,"stat.useItem.minecraft.dirt":127,"stat.useItem.minecraft.stone_slab2":77,"stat.pickup.minecraft.bow":3,"stat.killEntity.goblin":2,"stat.craftItem.minecraft.furnace":2,"stat.killEntity.artifacts.mimic":1,"stat.pickup.minecraft.anvil":1,"stat.mineBlock.minecraft.obsidian":5,"stat.pickup.minecraft.cobblestone":339,"stat.flyOneCm":225361,"stat.mineBlock.quark.custom_chest":3,"stat.pickup.minecraft.fish":1,"stat.useItem.minecraft.cooked_beef":3,"stat.pickup.explorercraft.lamb_shank":31,"stat.pickup.minecraft.redstone":9,"stat.mineBlock.minecraft.iron_ore":77,"stat.timeSinceDeath":91630,"stat.pickup.minecraft.mutton":14,"stat.pickup.minecraft.mossy_cobblestone":12,"stat.killEntity.grimoireofgaia.chest":2,"stat.pickup.dungeontactics.silver_cluster":1,"stat.craftItem.minecraft.iron_block":3,"stat.pickup.dungeontactics.mushroom_iron":1,"stat.useItem.minecraft.cooked_porkchop":4,"stat.mineBlock.minecraft.coal_ore":87,"stat.killEntity.Creeper":1,"stat.talkedToVillager":9,"stat.pickup.minecraft.string":15,"stat.pickup.explorercraft.marble":24,"stat.entityKilledBy.Skeleton":1,"stat.craftItem.minecraft.stone_slab2":0,"stat.sprintOneCm":175223,"stat.mineBlock.minecraft.stone_slab":2,"stat.craftItem.minecraft.stick":32,"stat.useItem.minecraft.stone_slab":7,"stat.mineBlock.dungeontactics.silver_ore":1,"stat.craftItem.dungeontactics.stone_shield":1,"stat.mineBlock.minecraft.diamond_ore":13,"stat.mineBlock.minecraft.crafting_table":11,"stat.useItem.minecraft.diamond_pickaxe":161,"stat.pickup.dungeontactics.bag_arbour":2,"stat.pickup.minecraft.leather_leggings":1,"stat.craftItem.dungeontactics.wooden_shield":1,"stat.pickup.minecraft.sugar":2,"stat.mineBlock.minecraft.planks":34,"stat.drop":10,"stat.killEntity.Sheep":11,"stat.drop.dungeontactics.stone_plate_greaves":1,"stat.pickup.minecraft.golden_chestplate":3,"stat.craftItem.minecraft.diamond_pickaxe":1,"stat.killEntity.Zombie":14,"stat.pickup.dungeontactics.magic_powder":1,"stat.diveOneCm":86990,"stat.pickup.minecraft.wheat":2,"stat.mineBlock.minecraft.mossy_cobblestone":8,"stat.killEntity.vampire":2,"stat.pickup.minecraft.gravel":1,"stat.useItem.explorercraft.lamb_shank_cooked":5,"stat.mineBlock.minecraft.anvil":1,"stat.mineBlock.dungeontactics.stonequartz_ore":5,"stat.pickup.minecraft.obsidian":5,"stat.pickup.mod_lavacow.scarecrowhead_straw":1,"stat.craftItem.explorercraft.lamb_shank_cooked":18,"stat.pickup.dungeontactics.bag_record":2,"stat.useItem.minecraft.rotten_flesh":3,"stat.jump":2007,"stat.pickup.minecraft.coal":98,"stat.pickup.minecraft.iron_helmet":1,"stat.pickup.minecraft.iron_ingot":49,"stat.pickup.scalinghealth.crystalshard":2,"stat.pickup.minecraft.gunpowder":1,"stat.craftItem.minecraft.torch":224,"stat.pickup.minecraft.dirt":122,"stat.mineBlock.minecraft.iron_bars":2,"stat.mineBlock.minecraft.lapis_ore":3,"stat.pickup.minecraft.iron_axe":2,"stat.useItem.explorercraft.marble":4,"stat.pickup.quark.custom_chest":3,"stat.damageTaken":4700,"stat.pickup.minecraft.leather":10,"stat.mineBlock.minecraft.furnace":8,"stat.mineBlock.minecraft.torch":11,"stat.entityKilledBy.grimoireofgaia.nine_tails":2,"stat.pickup.minecraft.log2":4,"stat.useItem.dungeontactics.cherry_bomb":11,"stat.killEntity.CaveSpider":2,"stat.pickup.minecraft.bed":21,"stat.mineBlock.explorercraft.basalt":17,"stat.damageDealt":26500,"stat.sleepInBed":13,"stat.craftItem.minecraft.anvil":1,"stat.killEntity.Cow":2,"stat.killEntity.Pig":5,"stat.craftItem.minecraft.stone_slab":6,"stat.walkOneCm":446208,"stat.useItem.quark.custom_chest":4,"stat.pickup.minecraft.stick":13,"stat.craftItem.quark.custom_chest":6,"stat.pickup.minecraft.clay_ball":1,"stat.killEntity.quark:stoneling":1,"stat.useItem.minecraft.lava_bucket":1,"stat.mineBlock.dungeontactics.mushroom_iron":1,"stat.pickup.quark.root_flower":1,"stat.killEntity.mod_lavacow.zombiemushroom":1,"stat.pickup.minecraft.baked_potato":1,"stat.mineBlock.scalinghealth.crystalore":2,"stat.pickup.minecraft.gold_ingot":15,"stat.killEntity.Skeleton":7,"stat.pickup.grimoireofgaia.bag_book":1,"stat.killEntity.Spider":2,"stat.killEntity.grimoireofgaia.harpy":1,"stat.mobKills":86,"stat.pickup.minecraft.quartz":5,"stat.killEntity.mod_lavacow.scarecrow":2,"stat.useItem.minecraft.mossy_cobblestone":7,"stat.pickup.minecraft.diamond":13,"stat.drop.futuremc.lily_of_the_valley":7,"stat.pickup.minecraft.torch":19,"stat.pickup.dungeontactics.fish_tunnel":1,"stat.mineBlock.minecraft.redstone_ore":2,"stat.useItem.dungeontactics.iron_battleaxe":222,"stat.killEntity.grimoireofgaia.cyclops":2,"stat.mineBlock.minecraft.stone":338}