{"stat.chestOpened":42,"stat.pickup.dungeontactics.iron_plate_boots":1,"stat.pickup.minecraft.bone":5,"stat.killEntity.grimoireofgaia.banshee":1,"stat.pickup.blocklings.blockling":10,"stat.pickup.explorercraft.basalt_cobblestone":6,"stat.pickup.minecraft.arrow":5,"stat.craftItem.minecraft.cooked_porkchop":17,"stat.mineBlock.minecraft.cobblestone":2,"stat.mineBlock.minecraft.yellow_flower":9,"stat.pickup.grimoireofgaia.misc_soul_fire":6,"stat.pickup.quark.glowshroom":2,"stat.pickup.dungeontactics.cherry_bomb":11,"stat.pickup.minecraft.detector_rail":2,"stat.pickup.minecraft.gold_nugget":1,"stat.craftItem.explorercraft.lamb_shank_cooked":7,"stat.useItem.dungeontactics.stone_battleaxe":127,"stat.useItem.minecraft.rotten_flesh":1,"stat.jump":1738,"stat.swimOneCm":29923,"stat.mineBlock.quark.glowcelium":1,"stat.pickup.minecraft.coal":18,"stat.useItem.minecraft.experience_bottle":6,"stat.fallOneCm":38169,"stat.useItem.minecraft.planks":46,"stat.climbOneCm":8,"stat.pickup.minecraft.enchanted_book":1,"stat.useItem.dynamictrees.spruceseed":1,"stat.craftItem.minecraft.shield":1,"stat.mineBlock.quark.glowshroom":2,"stat.useItem.minecraft.stone_axe":19,"stat.pickup.minecraft.melon_seeds":2,"stat.pickup.minecraft.porkchop":12,"stat.mineBlock.quark.roots":1,"stat.crouchOneCm":3119,"stat.mineBlock.minecraft.chest":1,"stat.craftItem.minecraft.chest":1,"stat.craftItem.minecraft.torch":66,"stat.craftItem.minecraft.iron_ingot":8,"stat.pickup.minecraft.dirt":86,"stat.useItem.minecraft.dirt":12,"stat.useItem.minecraft.stone_slab2":38,"stat.useItem.grimoireofgaia.misc_soul_fire":1,"stat.pickup.minecraft.bow":1,"stat.killEntity.Piranha":1,"stat.drop.blocklings.blockling":1,"stat.craftingTableInteraction":25,"stat.pickup.minecraft.rotten_flesh":13,"stat.craftItem.minecraft.furnace":1,"stat.pickup.dungeontactics.flower_bramble":2,"stat.useItem.explorercraft.basalt_cobblestone":3,"stat.craftItem.minecraft.stone_axe":1,"stat.damageTaken":4590,"stat.pickup.minecraft.leather":3,"stat.pickup.minecraft.feather":3,"stat.craftItem.minecraft.stone_pickaxe":10,"stat.mineBlock.minecraft.furnace":2,"stat.mineBlock.minecraft.torch":2,"stat.useItem.minecraft.wooden_pickaxe":6,"stat.craftItem.minecraft.cooked_beef":1,"stat.pickup.dungeontactics.bush_cherrybomb":2,"stat.mineBlock.dungeontactics.flower_bramble":1,"stat.pickup.minecraft.cobblestone":212,"stat.mineBlock.explorercraft.marble":1,"stat.pickup.minecraft.planks":7,"stat.useItem.dungeontactics.cherry_bomb":9,"stat.killEntity.Llama":1,"stat.craftItem.minecraft.stone_sword":1,"stat.flyOneCm":296324,"stat.pickup.dynamictrees.spruceseed":2,"tombstone:undead_killed":14,"stat.mineBlock.dungeontactics.bush_cherrybomb":2,"stat.pickup.minecraft.fish":1,"stat.useItem.minecraft.stone_pickaxe":230,"stat.useItem.minecraft.cooked_beef":1,"stat.pickup.explorercraft.lamb_shank":7,"stat.useItem.minecraft.stone_sword":8,"stat.craftItem.minecraft.cooked_fish":1,"stat.pickup.quark.tallow":19,"stat.mineBlock.explorercraft.basalt":5,"stat.damageDealt":12579,"stat.sleepInBed":1,"stat.timeSinceDeath":14429,"stat.pickup.explorercraft.bamboo_log":13,"stat.killEntity.Cow":1,"stat.mineBlock.minecraft.dirt":29,"stat.pickup.mod_lavacow.intestine":2,"stat.craftItem.minecraft.wooden_pickaxe":1,"stat.killEntity.Pig":10,"stat.pickup.minecraft.mutton":7,"stat.walkOneCm":244178,"stat.craftItem.minecraft.bed":1,"stat.killEntity.mod_lavacow.parasite":1,"stat.useItem.minecraft.torch":67,"stat.pickup.minecraft.stick":24,"stat.pickup.minecraft.iron_nugget":12,"stat.drop.minecraft.rotten_flesh":3,"stat.pickup.minecraft.crafting_table":4,"stat.entityKilledBy.grimoireofgaia.banshee":5,"stat.pickup.minecraft.clay_ball":1,"stat.useItem.minecraft.cobblestone":29,"stat.craftItem.minecraft.crafting_table":2,"stat.furnaceInteraction":18,"stat.useItem.minecraft.cooked_porkchop":17,"stat.mineBlock.minecraft.coal_ore":18,"stat.mineBlock.quark.stone_speleothem":1,"stat.pickup.minecraft.shield":1,"stat.pickup.mod_lavacow.mimic_claw":3,"stat.pickup.minecraft.log":30,"stat.useItem.minecraft.cooked_fish":1,"stat.pickup.explorercraft.marble":1,"stat.killEntity.mod_lavacow.mimic":3,"stat.mineBlock.explorercraft.bamboo_log":1,"stat.pickup.minecraft.beef":1,"stat.pickup.minecraft.furnace":2,"stat.useItem.tombstone.gift":1,"stat.pickup.tombstone.crafting_ingredient":2,"stat.useItem.minecraft.yellow_flower":1,"stat.entityKilledBy.Skeleton":2,"stat.craftItem.minecraft.stone_slab2":0,"stat.craftItem.dungeontactics.stone_battleaxe":2,"stat.killEntity.grimoireofgaia.dullahan":4,"stat.pickup.minecraft.chicken":2,"stat.pickup.minecraft.chainmail_leggings":1,"stat.pickup.dynamictreesquark.blossomingseed":7,"stat.sprintOneCm":226885,"stat.pickup.minecraft.skull":2,"stat.pickup.dungeontactics.mushroom_coal":2,"stat.craftItem.minecraft.stick":20,"stat.killEntity.Skeleton":6,"stat.drop.minecraft.pumpkin_seeds":1,"stat.craftItem.minecraft.planks":116,"stat.killEntity.grimoireofgaia.sludge_girl":1,"stat.craftItem.dungeontactics.stone_shield":1,"stat.killEntity.Chicken":2,"stat.mineBlock.minecraft.crafting_table":4,"stat.killEntity.Spider":2,"stat.pickup.minecraft.stone_sword":2,"stat.pickup.minecraft.pumpkin_seeds":1,"stat.mobKills":62,"stat.pickup.dynamictrees.oakseed":13,"stat.craftItem.minecraft.wooden_door":3,"stat.craftItem.dungeontactics.wooden_shield":1,"stat.drop.dungeontactics.iron_plate_boots":1,"stat.useItem.minecraft.wooden_door":1,"stat.mineBlock.minecraft.planks":9,"stat.deaths":8,"stat.useItem.dungeontactics.stone_cutlass":61,"stat.pickup.dungeontactics.flower_xp":1,"stat.drop":6,"stat.pickup.minecraft.beetroot_seeds":6,"stat.pickup.minecraft.egg":1,"stat.playOneMinute":132626,"stat.entityKilledBy.grimoireofgaia.dullahan":1,"stat.craftItem.dungeontactics.stone_cutlass":1,"stat.pickup.minecraft.torch":22,"stat.killEntity.Sheep":4,"stat.sneakTime":1628,"stat.pickup.minecraft.slime_ball":3,"stat.pickup.minecraft.wool":4,"stat.killEntity.Zombie":7,"stat.pickup.minecraft.yellow_flower":8,"stat.mineBlock.minecraft.stone":204,"stat.mineBlock.minecraft.tallgrass":3,"stat.diveOneCm":12764,"stat.pickup.minecraft.chest":1}