{"stat.walkOneCm":28970,"stat.pickup.minecraft.stick":7,"stat.pickup.minecraft.iron_nugget":2,"stat.pickup.minecraft.crafting_table":4,"stat.craftItem.minecraft.crafting_table":1,"stat.furnaceInteraction":5,"stat.mineBlock.minecraft.coal_ore":17,"stat.useItem.dungeontactics.stone_battleaxe":9,"stat.pickup.minecraft.log":13,"stat.useItem.minecraft.rotten_flesh":1,"stat.useItem.minecraft.cooked_fish":1,"stat.jump":233,"stat.swimOneCm":7921,"stat.pickup.minecraft.coal":17,"stat.fallOneCm":3406,"stat.useItem.minecraft.planks":7,"stat.climbOneCm":8,"stat.pickup.minecraft.beef":1,"stat.pickup.minecraft.furnace":2,"stat.useItem.minecraft.stone_axe":15,"stat.craftItem.dungeontactics.stone_battleaxe":1,"stat.crouchOneCm":1,"stat.pickup.minecraft.dirt":9,"stat.useItem.minecraft.dirt":6,"stat.sprintOneCm":37429,"stat.useItem.minecraft.stone_slab2":9,"stat.killEntity.Piranha":1,"stat.pickup.minecraft.skull":1,"stat.craftItem.minecraft.stick":14,"stat.craftingTableInteraction":6,"stat.pickup.minecraft.rotten_flesh":1,"stat.craftItem.minecraft.furnace":1,"stat.craftItem.minecraft.planks":24,"stat.pickup.dungeontactics.flower_bramble":2,"stat.killEntity.grimoireofgaia.sludge_girl":1,"stat.craftItem.minecraft.stone_axe":1,"stat.damageTaken":757,"stat.mineBlock.minecraft.crafting_table":4,"stat.pickup.minecraft.leather":1,"stat.craftItem.minecraft.stone_pickaxe":1,"stat.mineBlock.minecraft.furnace":2,"stat.useItem.minecraft.wooden_pickaxe":6,"stat.craftItem.minecraft.cooked_beef":1,"stat.pickup.dungeontactics.bush_cherrybomb":2,"stat.mineBlock.dungeontactics.flower_bramble":1,"stat.pickup.minecraft.cobblestone":21,"stat.mobKills":5,"stat.pickup.dynamictrees.oakseed":6,"stat.pickup.minecraft.planks":7,"stat.flyOneCm":39717,"stat.mineBlock.minecraft.planks":7,"tombstone:undead_killed":1,"stat.pickup.dungeontactics.flower_xp":1,"stat.mineBlock.dungeontactics.bush_cherrybomb":2,"stat.playOneMinute":21926,"stat.pickup.minecraft.fish":1,"stat.useItem.minecraft.stone_pickaxe":30,"stat.useItem.minecraft.cooked_beef":1,"stat.sneakTime":53,"stat.pickup.minecraft.slime_ball":1,"stat.craftItem.minecraft.cooked_fish":1,"stat.damageDealt":916,"stat.killEntity.Zombie":1,"stat.timeSinceDeath":21926,"stat.killEntity.Cow":1,"stat.mineBlock.minecraft.dirt":10,"stat.craftItem.minecraft.wooden_pickaxe":1,"stat.mineBlock.minecraft.stone":17,"stat.mineBlock.minecraft.tallgrass":2,"stat.diveOneCm":914}