{"stat.chestOpened":34,"stat.mineBlock.minecraft.mossy_cobblestone":2,"stat.killEntity.vampire":2,"stat.pickup.minecraft.bone":16,"stat.useItem.minecraft.iron_axe":45,"stat.leaveGame":2,"stat.pickup.minecraft.arrow":8,"stat.pickup.explorercraft.basalt_cobblestone":17,"stat.useItem.explorercraft.amethyst_pickaxe":283,"stat.useItem.explorercraft.lamb_shank_cooked":5,"stat.pickup.grimoireofgaia.misc_soul_fire":1,"stat.useItem.dungeontactics.iron_cutlass":31,"stat.pickup.dungeontactics.cherry_bomb":5,"stat.pickup.mod_lavacow.scarecrowhead_straw":1,"stat.pickup.minecraft.gold_nugget":9,"stat.craftItem.explorercraft.lamb_shank_cooked":5,"stat.craftItem.minecraft.wool":1,"stat.pickup.dungeontactics.bag_record":2,"stat.pickup.mod_lavacow.cursed_fabric":2,"stat.swimOneCm":51375,"stat.jump":1166,"stat.pickup.minecraft.coal":48,"stat.pickup.minecraft.iron_helmet":1,"stat.fallOneCm":31218,"stat.useItem.minecraft.planks":83,"stat.climbOneCm":551,"stat.pickup.minecraft.iron_ingot":38,"stat.pickup.minecraft.enchanted_book":1,"stat.mineBlock.minecraft.web":9,"stat.drop.dynamictrees.birchseed":1,"stat.pickup.minecraft.carrot":1,"stat.pickup.quark.slate":1,"stat.pickup.minecraft.porkchop":8,"stat.pickup.dungeontactics.stone_plate_greaves":1,"stat.crouchOneCm":3426,"stat.craftItem.minecraft.torch":100,"stat.craftItem.minecraft.chest":1,"stat.craftItem.minecraft.iron_ingot":13,"stat.pickup.minecraft.dirt":117,"stat.useItem.minecraft.dirt":127,"stat.useItem.minecraft.stone_slab2":36,"stat.pickup.minecraft.bow":2,"stat.useItem.minecraft.water_bucket":6,"stat.craftingTableInteraction":27,"stat.pickup.minecraft.rotten_flesh":9,"stat.craftItem.minecraft.furnace":2,"stat.pickup.minecraft.iron_axe":2,"stat.useItem.explorercraft.marble":2,"stat.damageTaken":3547,"stat.pickup.minecraft.leather":7,"stat.pickup.minecraft.feather":1,"stat.mineBlock.minecraft.furnace":2,"stat.mineBlock.minecraft.torch":3,"stat.entityKilledBy.grimoireofgaia.nine_tails":2,"stat.pickup.minecraft.cobblestone":181,"stat.pickup.minecraft.log2":2,"stat.pickup.minecraft.leather_boots":1,"stat.mineBlock.explorercraft.marble":12,"stat.pickup.minecraft.planks":5,"stat.useItem.dungeontactics.cherry_bomb":5,"stat.killEntity.Llama":3,"stat.pickup.minecraft.record_ward":1,"stat.pickup.dungeontactics.iron_cluster":13,"stat.flyOneCm":148522,"stat.pickup.minecraft.bed":3,"stat.pickup.dynamictrees.spruceseed":4,"stat.pickup.grimoireofgaia.misc_fur":1,"stat.pickup.minecraft.wheat_seeds":6,"stat.killEntity.grimoireofgaia.dwarf":3,"stat.killEntity.Witch":1,"stat.useItem.minecraft.cooked_beef":3,"stat.pickup.explorercraft.lamb_shank":31,"stat.pickup.quark.tallow":5,"stat.mineBlock.explorercraft.basalt":17,"stat.damageDealt":16798,"stat.pickup.minecraft.redstone":9,"stat.mineBlock.minecraft.iron_ore":13,"stat.drop.dynamictrees.spruceseed":4,"stat.sleepInBed":9,"stat.timeSinceDeath":4276,"stat.killEntity.Cow":1,"stat.mineBlock.minecraft.dirt":28,"stat.killEntity.Pig":4,"stat.craftItem.dungeontactics.iron_cutlass":2,"stat.pickup.minecraft.mutton":14,"stat.pickup.minecraft.mossy_cobblestone":6,"stat.pickup.grimoireofgaia.box_iron":2,"stat.craftItem.minecraft.leather":7,"stat.drop.minecraft.iron_axe":1,"stat.craftItem.wearablebackpacks.backpack":1,"stat.walkOneCm":202561,"stat.craftItem.minecraft.bed":2,"stat.useItem.minecraft.torch":62,"stat.pickup.minecraft.stick":13,"stat.pickup.minecraft.iron_nugget":19,"stat.pickup.minecraft.crafting_table":8,"stat.pickup.minecraft.record_far":1,"stat.useItem.minecraft.cobblestone":3,"stat.craftItem.minecraft.crafting_table":2,"stat.furnaceInteraction":16,"stat.killEntity.grimoireofgaia.arachne":1,"stat.useItem.minecraft.cooked_porkchop":1,"stat.mineBlock.quark.slate":1,"stat.killEntity.grimoireofgaia.oni":5,"stat.killEntity.ZombieVillager":1,"stat.useItem.minecraft.lava_bucket":1,"stat.mineBlock.minecraft.coal_ore":48,"stat.useItem.dynamictrees.oakseed":2,"stat.talkedToVillager":9,"stat.pickup.minecraft.log":22,"stat.pickup.minecraft.string":5,"stat.pickup.explorercraft.marble":12,"stat.useItem.dynamictrees.birchseed":1,"stat.killEntity.goblin2":2,"stat.pickup.minecraft.beef":3,"stat.pickup.minecraft.furnace":2,"stat.entityKilledBy.Skeleton":1,"stat.craftItem.minecraft.stone_slab2":0,"stat.killEntity.grimoireofgaia.nine_tails":1,"stat.pickup.wearablebackpacks.backpack":1,"stat.sprintOneCm":106606,"stat.pickup.minecraft.wooden_door":2,"stat.pickup.minecraft.iron_chestplate":1,"stat.pickup.minecraft.skull":3,"stat.craftItem.minecraft.stick":16,"stat.pickup.minecraft.gold_ingot":15,"stat.killEntity.Skeleton":4,"stat.entityKilledBy.grimoireofgaia.deathword":1,"stat.pickup.grimoireofgaia.bag_book":1,"stat.drop.dynamictrees.oakseed":1,"stat.craftItem.minecraft.planks":144,"stat.useItem.minecraft.iron_sword":7,"stat.craftItem.dungeontactics.stone_shield":1,"stat.mineBlock.minecraft.crafting_table":8,"stat.pickup.grimoireofgaia.box_gold":1,"stat.killEntity.grimoireofgaia.harpy":1,"stat.pickup.dungeontactics.bag_arbour":1,"stat.mobKills":55,"stat.pickup.minecraft.leather_leggings":1,"stat.craftItem.minecraft.wooden_door":3,"stat.craftItem.dungeontactics.wooden_shield":1,"stat.pickup.minecraft.sugar":2,"stat.useItem.minecraft.wooden_door":2,"stat.killEntity.mod_lavacow.scarecrow":2,"stat.deaths":4,"stat.useItem.minecraft.mossy_cobblestone":2,"stat.mineBlock.minecraft.planks":5,"stat.useItem.minecraft.spruce_door":2,"stat.drop":9,"stat.drop.futuremc.lily_of_the_valley":7,"stat.craftItem.dungeontactics.iron_shield":1,"stat.playOneMinute":95784,"stat.pickup.minecraft.torch":6,"stat.killEntity.Sheep":11,"stat.drop.dungeontactics.stone_plate_greaves":1,"stat.mineBlock.minecraft.redstone_ore":2,"stat.sneakTime":2104,"stat.pickup.minecraft.wool":11,"stat.useItem.dungeontactics.iron_battleaxe":147,"stat.pickup.minecraft.golden_chestplate":3,"stat.killEntity.Zombie":8,"stat.pickup.minecraft.yellow_flower":1,"stat.killEntity.grimoireofgaia.cyclops":2,"stat.pickup.dungeontactics.magic_powder":1,"stat.mineBlock.minecraft.stone":183,"stat.mineBlock.minecraft.tallgrass":29,"stat.diveOneCm":60562,"stat.pickup.minecraft.wheat":2,"stat.craftItem.minecraft.spruce_door":3,"stat.killEntity.mod_lavacow.raven":1}