{"stat.useItem.minecraft.bow":254,"stat.mineBlock.quark.roots_white_flower":1,"stat.drop.minecraft.mutton":1,"stat.pickup.dungeontactics.bag_magic":1,"stat.leaveGame":6,"stat.pickup.grimoireofgaia.misc_soul_fire":7,"stat.craftItem.minecraft.iron_axe":2,"stat.pickup.dungeontactics.cherry_bomb":18,"stat.pickup.tconstruct.edible":5,"stat.pickup.mod_lavacow.cursed_fabric":3,"stat.pickup.grimoireofgaia.weapon_fan_fire":1,"stat.pickup.dungeontactics.flower_sanguine":4,"stat.useItem.minecraft.planks":90,"stat.craftItem.minecraft.shield":1,"stat.mineBlock.minecraft.web":22,"stat.drop.dynamictrees.birchseed":1,"stat.drop.minecraft.feather":2,"stat.drop.explorercraft.lamb_shank":1,"stat.drop.minecraft.bowl":1,"stat.pickup.minecraft.porkchop":9,"stat.useItem.minecraft.water_bucket":31,"stat.mineBlock.minecraft.stone_brick_stairs":1,"stat.pickup.minecraft.rotten_flesh":56,"stat.pickup.minecraft.sand":21,"stat.pickup.mod_lavacow.parasite_item":1,"stat.entityKilledBy.Spider":1,"stat.pickup.minecraft.splash_potion":1,"stat.pickup.minecraft.name_tag":1,"stat.mineBlock.futuremc.fletching_table":5,"stat.pickup.minecraft.leather_boots":1,"stat.mineBlock.explorercraft.marble":35,"stat.pickup.minecraft.record_ward":1,"stat.pickup.dungeontactics.iron_cluster":136,"stat.pickup.dynamictrees.spruceseed":17,"stat.pickup.grimoireofgaia.misc_fur":1,"stat.killEntity.grimoireofgaia.dwarf":3,"stat.killEntity.Witch":2,"stat.pickup.quark.tallow":9,"stat.drop.dynamictrees.spruceseed":4,"stat.pickup.mod_lavacow.intestine":4,"stat.craftItem.dungeontactics.iron_cutlass":3,"stat.pickup.grimoireofgaia.box_iron":3,"stat.pickup.dungeontactics.bush_incindiberry":1,"stat.craftItem.wearablebackpacks.backpack":1,"stat.pickup.mod_lavacow.ectoplasm":1,"stat.craftItem.minecraft.bed":2,"stat.mineBlock.minecraft.vine":5,"stat.pickup.minecraft.record_far":1,"stat.pickup.artifacts.feral_claws":1,"stat.furnaceInteraction":66,"stat.mineBlock.quark.slate":1,"stat.killEntity.ZombieVillager":1,"stat.pickup.grimoireofgaia.food_coalfish":2,"stat.useItem.dynamictrees.birchseed":1,"stat.pickup.minecraft.beef":65,"stat.pickup.minecraft.furnace":10,"stat.pickup.minecraft.leather_helmet":2,"stat.pickup.minecraft.iron_chestplate":1,"stat.pickup.minecraft.skull":14,"stat.entityKilledBy.grimoireofgaia.deathword":1,"stat.mineBlock.dungeontactics.flower_xp":1,"stat.pickup.grimoireofgaia.box_gold":1,"stat.pickup.minecraft.pumpkin_seeds":1,"stat.pickup.minecraft.emerald":1,"stat.deaths":5,"stat.pickup.minecraft.bowl":1,"stat.pickup.minecraft.egg":2,"stat.playOneMinute":375270,"stat.pickup.minecraft.iron_bars":3,"stat.pickup.dungeontactics.fish_lava":1,"stat.pickup.dungeontactics.flower_cinder":2,"stat.mineBlock.minecraft.tallgrass":29,"stat.fishCaught":2,"stat.pickup.dungeontactics.bag_food":2,"stat.killEntity.mod_lavacow.raven":1,"stat.chestOpened":138,"stat.pickup.minecraft.spruce_door":1,"stat.killEntity.quark:crab":1,"stat.useItem.dungeontactics.bush_cherrybomb":1,"stat.pickup.minecraft.arrow":45,"stat.useItem.dungeontactics.iron_cutlass":349,"stat.killEntity.grimoireofgaia.cecaelia":3,"stat.pickup.minecraft.gold_nugget":25,"stat.fallOneCm":95240,"stat.pickup.minecraft.carrot":1,"stat.pickup.quark.slate":1,"stat.pickup.dungeontactics.stone_plate_greaves":1,"stat.crouchOneCm":12953,"stat.craftItem.minecraft.chest":3,"stat.craftItem.minecraft.iron_ingot":98,"stat.killEntity.goat":1,"stat.pickup.dungeontactics.bag_potion":1,"stat.useItem.quark.root_flower":1,"stat.pickup.minecraft.melon":1,"stat.craftingTableInteraction":60,"stat.pickup.mod_lavacow.scythe_claw":2,"stat.pickup.minecraft.feather":4,"stat.useItem.futuremc.sweet_berries":5,"stat.useItem.minecraft.furnace":3,"stat.useItem.minecraft.reeds":41,"stat.pickup.dungeontactics.bush_cherrybomb":2,"stat.pickup.antiqueatlas.antique_atlas":1,"stat.pickup.minecraft.dye":19,"stat.pickup.minecraft.planks":55,"stat.killEntity.Llama":3,"stat.mineBlock.minecraft.spruce_fence":1,"stat.pickup.minecraft.wheat_seeds":8,"stat.killEntity.grimoireofgaia.flesh_lich":1,"stat.mineBlock.minecraft.gravel":4,"stat.craftItem.tconstruct.slime_congealed":2,"stat.useItem.minecraft.stone_pickaxe":7,"stat.craftItem.minecraft.iron_leggings":2,"stat.useItem.minecraft.stone_sword":2,"stat.killEntity.grimoireofgaia.bone_knight":1,"stat.mineBlock.minecraft.dirt":45,"stat.pickup.minecraft.chainmail_boots":1,"stat.craftItem.minecraft.leather":37,"stat.drop.minecraft.iron_axe":1,"stat.useItem.minecraft.torch":443,"stat.pickup.minecraft.iron_nugget":37,"stat.drop.minecraft.rotten_flesh":1,"stat.pickup.minecraft.crafting_table":15,"stat.useItem.minecraft.cobblestone":274,"stat.craftItem.minecraft.crafting_table":5,"stat.killEntity.grimoireofgaia.arachne":1,"stat.useItem.minecraft.gravel":1,"stat.mineBlock.minecraft.double_plant":2,"stat.killEntity.grimoireofgaia.oni":6,"stat.mineBlock.quark.stone_speleothem":5,"stat.useItem.dynamictrees.oakseed":2,"stat.pickup.minecraft.log":102,"stat.drop.minecraft.chicken":1,"stat.killEntity.goblin2":3,"stat.drop.minecraft.planks":12,"stat.killEntity.grimoireofgaia.nine_tails":4,"stat.pickup.minecraft.chicken":1,"stat.pickup.minecraft.tipped_arrow":28,"stat.pickup.minecraft.chainmail_leggings":1,"stat.pickup.wearablebackpacks.backpack":1,"stat.pickup.minecraft.wooden_door":5,"stat.pickup.mod_lavacow.shattered_ice":1,"stat.pickup.minecraft.beetroot":1,"stat.drop.dynamictrees.oakseed":1,"stat.craftItem.minecraft.planks":280,"stat.useItem.minecraft.iron_sword":7,"stat.useItem.grimoireofgaia.weapon_fan_fire":18,"stat.pickup.minecraft.stone_sword":3,"stat.craftItem.minecraft.wooden_door":3,"stat.mineBlock.minecraft.log":52,"stat.useItem.minecraft.wooden_door":2,"stat.useItem.minecraft.spruce_door":2,"stat.pickup.dungeontactics.flower_xp":1,"stat.mineBlock.dungeontactics.dungeon_glass":2,"stat.craftItem.dungeontactics.iron_shield":1,"stat.pickup.dungeontactics.bag_quiver":2,"stat.craftItem.minecraft.paper":3,"stat.sneakTime":8965,"stat.pickup.minecraft.wool":12,"stat.useItem.minecraft.baked_potato":1,"stat.pickup.minecraft.stone_slab":2,"stat.pickup.minecraft.yellow_flower":1,"stat.useItem.minecraft.fishing_rod":8,"stat.craftItem.minecraft.spruce_door":3,"stat.craftItem.minecraft.enchanting_table":1,"stat.pickup.minecraft.bone":61,"stat.useItem.minecraft.mushroom_stew":1,"stat.pickup.dungeontactics.bag_mystery":2,"stat.horseOneCm":6049,"stat.useItem.minecraft.iron_axe":169,"stat.pickup.explorercraft.basalt_cobblestone":17,"stat.useItem.explorercraft.amethyst_pickaxe":460,"stat.mineBlock.minecraft.cobblestone":32,"stat.pickup.minecraft.flint":1,"stat.drop.minecraft.leather_helmet":1,"stat.pickup.minecraft.leather_chestplate":2,"stat.craftItem.minecraft.wool":1,"stat.swimOneCm":181577,"stat.climbOneCm":3774,"stat.pickup.minecraft.enchanted_book":1,"stat.pickup.minecraft.cooked_porkchop":6,"stat.mineBlock.quark.roots":1,"stat.useItem.minecraft.dirt":151,"stat.pickup.minecraft.golden_helmet":1,"stat.useItem.minecraft.stone_slab2":127,"stat.pickup.minecraft.bow":8,"stat.killEntity.goblin":2,"stat.pickup.moremobss.goatwool":1,"stat.craftItem.minecraft.furnace":2,"stat.pickup.dungeontactics.iron_battleaxe":1,"stat.killEntity.artifacts.mimic":2,"stat.useItem.minecraft.egg":2,"stat.craftItem.minecraft.spruce_boat":1,"stat.pickup.minecraft.anvil":2,"stat.craftItem.minecraft.stone_pickaxe":1,"stat.craftItem.minecraft.cooked_beef":19,"stat.mineBlock.minecraft.obsidian":5,"stat.pickup.minecraft.cobblestone":466,"stat.pickup.futuremc.sweet_berries":24,"stat.flyOneCm":531653,"stat.pickup.dungeontactics.flower_fade":2,"stat.killEntity.ZombieHorse":1,"stat.mineBlock.quark.custom_chest":3,"stat.pickup.minecraft.fish":2,"stat.useItem.minecraft.cooked_beef":7,"stat.pickup.explorercraft.lamb_shank":32,"stat.pickup.dungeontactics.gold_cluster":5,"stat.pickup.minecraft.redstone":19,"stat.mineBlock.minecraft.iron_ore":140,"stat.craftItem.minecraft.book":1,"stat.timeSinceDeath":39234,"stat.pickup.dungeontactics.magic_scroll":2,"stat.pickup.minecraft.mutton":15,"stat.pickup.minecraft.mossy_cobblestone":13,"stat.killEntity.grimoireofgaia.chest":4,"stat.pickup.dungeontactics.silver_cluster":1,"stat.craftItem.minecraft.iron_block":3,"stat.killEntity.mod_lavacow.parasite":3,"stat.drop.minecraft.coal":2,"stat.pickup.mod_lavacow.hyphae":2,"stat.pickup.minecraft.wooden_axe":1,"stat.mineBlock.dungeontactics.bush_incindiberry":1,"stat.pickup.dungeontactics.mushroom_iron":1,"stat.pickup.minecraft.stonebrick":7,"stat.pickup.minecraft.spruce_fence":4,"stat.useItem.minecraft.cooked_porkchop":20,"stat.pickup.minecraft.iron_shovel":1,"stat.mineBlock.minecraft.coal_ore":143,"stat.killEntity.Creeper":2,"stat.pickup.dungeontactics.flower_feather":1,"stat.pickup.minecraft.shield":1,"stat.talkedToVillager":21,"stat.pickup.minecraft.string":29,"stat.pickup.explorercraft.marble":41,"stat.pickup.artifacts.star_cloak":1,"stat.entityKilledBy.Skeleton":1,"stat.craftItem.minecraft.stone_slab2":0,"stat.sprintOneCm":355125,"stat.mineBlock.minecraft.stone_slab":2,"stat.craftItem.minecraft.stick":64,"stat.useItem.dungeontactics.incindiberry":1,"stat.useItem.minecraft.stone_slab":7,"stat.mineBlock.dungeontactics.silver_ore":1,"stat.craftItem.dungeontactics.stone_shield":1,"stat.mineBlock.minecraft.diamond_ore":19,"stat.mineBlock.minecraft.crafting_table":15,"stat.useItem.minecraft.diamond_pickaxe":420,"stat.pickup.dungeontactics.bag_arbour":3,"stat.pickup.minecraft.leather_leggings":1,"stat.craftItem.dungeontactics.wooden_shield":1,"stat.pickup.dungeontactics.ration_iron":1,"stat.pickup.minecraft.sugar":2,"stat.mineBlock.minecraft.planks":35,"stat.pickup.futuremc.fletching_table":5,"stat.drop":30,"stat.killEntity.Sheep":12,"stat.drop.dungeontactics.stone_plate_greaves":1,"stat.pickup.minecraft.slime_ball":5,"stat.pickup.minecraft.golden_chestplate":3,"stat.craftItem.minecraft.diamond_pickaxe":1,"stat.killEntity.Zombie":41,"stat.drop.minecraft.bread":1,"stat.pickup.dungeontactics.magic_powder":1,"stat.mineBlock.minecraft.gold_ore":5,"stat.diveOneCm":115644,"stat.drop.dungeontactics.iron_battleaxe":1,"stat.drop.minecraft.diamond_pickaxe":1,"stat.pickup.minecraft.wheat":2,"stat.mineBlock.minecraft.mossy_cobblestone":8,"stat.killEntity.vampire":2,"stat.pickup.minecraft.gravel":8,"stat.craftItem.minecraft.cooked_porkchop":6,"stat.useItem.explorercraft.lamb_shank_cooked":16,"stat.mineBlock.minecraft.anvil":2,"stat.pickup.quark.glowshroom":4,"stat.mineBlock.dungeontactics.stonequartz_ore":5,"stat.pickup.mod_lavacow.foul_bristle":4,"stat.pickup.minecraft.obsidian":5,"stat.pickup.mod_lavacow.scarecrowhead_straw":1,"stat.craftItem.explorercraft.lamb_shank_cooked":18,"stat.pickup.dungeontactics.bag_record":2,"stat.useItem.minecraft.rotten_flesh":9,"stat.pickup.minecraft.stone_brick_stairs":1,"stat.jump":4805,"stat.pickup.minecraft.coal":160,"stat.pickup.minecraft.iron_helmet":1,"stat.pickup.minecraft.iron_ingot":59,"stat.pickup.scalinghealth.crystalshard":4,"stat.pickup.minecraft.gunpowder":2,"stat.craftItem.minecraft.torch":432,"stat.drop.mod_lavacow.mimic_claw":1,"stat.pickup.dungeontactics.iron_cutlass":1,"stat.pickup.minecraft.dirt":281,"stat.craftItem.minecraft.iron_helmet":2,"stat.pickup.minecraft.diamond_ore":2,"stat.drop.futuremc.sweet_berries":18,"stat.pickup.explorercraft.amethyst":4,"stat.boatOneCm":175544,"stat.mineBlock.minecraft.iron_bars":3,"stat.mineBlock.minecraft.lapis_ore":3,"stat.pickup.minecraft.iron_axe":2,"stat.useItem.explorercraft.marble":10,"stat.pickup.quark.custom_chest":3,"stat.mineBlock.explorercraft.amethyst_ore":4,"stat.mineBlock.minecraft.glass_pane":1,"stat.damageTaken":11094,"stat.pickup.minecraft.leather":46,"stat.mineBlock.minecraft.furnace":9,"stat.mineBlock.minecraft.torch":21,"stat.pickup.grimoireofgaia.box":1,"stat.killEntity.tconstruct.blueslime":5,"stat.entityKilledBy.grimoireofgaia.nine_tails":2,"stat.mineBlock.dungeontactics.flower_cinder":2,"stat.pickup.minecraft.log2":8,"stat.useItem.dungeontactics.cherry_bomb":18,"stat.pickup.minecraft.reeds":45,"stat.killEntity.CaveSpider":2,"stat.pickup.minecraft.bed":21,"stat.pickup.dungeontactics.incindiberry":1,"stat.mineBlock.explorercraft.basalt":17,"stat.damageDealt":68834,"stat.sleepInBed":19,"stat.craftItem.minecraft.anvil":1,"stat.killEntity.Silverfish":36,"stat.killEntity.Cow":35,"stat.killEntity.Pig":5,"stat.craftItem.minecraft.stone_slab":6,"stat.walkOneCm":990147,"stat.useItem.quark.custom_chest":4,"stat.pickup.minecraft.stick":34,"stat.pickup.minecraft.diamond_pickaxe":1,"stat.craftItem.quark.custom_chest":6,"stat.pickup.minecraft.clay_ball":1,"stat.killEntity.quark:stoneling":1,"stat.useItem.minecraft.lava_bucket":1,"stat.useItem.minecraft.spruce_boat":3,"stat.mineBlock.dungeontactics.mushroom_iron":1,"stat.pickup.dungeontactics.fish_obsidian":1,"stat.pickup.mod_lavacow.mimic_claw":1,"stat.mineBlock.dungeontactics.flower_sanguine":4,"stat.useItem.scalinghealth.heartcontainer":3,"stat.pickup.quark.root_flower":2,"stat.killEntity.mod_lavacow.zombiemushroom":3,"stat.pickup.dungeontactics.fish_swift":1,"stat.pickup.minecraft.stone":16,"stat.craftItem.minecraft.iron_chestplate":2,"stat.pickup.minecraft.baked_potato":1,"stat.pickup.scalinghealth.heartcontainer":3,"stat.mineBlock.scalinghealth.crystalore":4,"stat.pickup.minecraft.gold_ingot":15,"stat.killEntity.Skeleton":45,"stat.pickup.grimoireofgaia.bag_book":1,"stat.mineBlock.minecraft.stonebrick":1,"stat.killEntity.Chicken":1,"stat.killEntity.Spider":15,"stat.pickup.minecraft.bread":3,"stat.killEntity.grimoireofgaia.harpy":2,"stat.mobKills":294,"stat.pickup.minecraft.quartz":5,"stat.killEntity.mod_lavacow.scarecrow":2,"stat.useItem.minecraft.golden_apple":1,"stat.useItem.minecraft.mossy_cobblestone":7,"stat.killEntity.mod_lavacow.banshee":2,"stat.pickup.minecraft.diamond":18,"stat.mineBlock.minecraft.leaves":1,"stat.pickup.minecraft.beetroot_seeds":1,"stat.drop.futuremc.lily_of_the_valley":7,"stat.pickup.minecraft.torch":66,"stat.pickup.dungeontactics.fish_tunnel":1,"stat.mineBlock.minecraft.redstone_ore":3,"stat.useItem.dungeontactics.iron_battleaxe":454,"stat.drop.quark.glowshroom":2,"stat.pickup.minecraft.spruce_boat":3,"stat.killEntity.quark:ashen":2,"stat.killEntity.grimoireofgaia.cyclops":2,"stat.mineBlock.minecraft.stone":417}