{"stat.chestOpened":1,"stat.pickup.minecraft.bone":1,"stat.leaveGame":2,"stat.useItem.explorercraft.amethyst_pickaxe":3,"stat.pickup.dungeontactics.cherry_bomb":2,"stat.pickup.minecraft.gold_nugget":7,"stat.swimOneCm":11064,"stat.jump":265,"stat.pickup.minecraft.coal":2,"stat.fallOneCm":9960,"stat.useItem.minecraft.planks":6,"stat.drop.dynamictrees.birchseed":1,"stat.pickup.quark.slate":1,"stat.pickup.minecraft.porkchop":8,"stat.pickup.dungeontactics.stone_plate_greaves":1,"stat.crouchOneCm":749,"stat.craftItem.minecraft.torch":8,"stat.pickup.minecraft.dirt":5,"stat.useItem.minecraft.dirt":7,"stat.useItem.minecraft.stone_slab2":6,"stat.craftingTableInteraction":5,"stat.damageTaken":743,"stat.pickup.minecraft.leather":3,"stat.pickup.minecraft.log2":2,"stat.useItem.dungeontactics.cherry_bomb":2,"stat.killEntity.Llama":3,"stat.flyOneCm":28654,"stat.pickup.dynamictrees.spruceseed":4,"stat.killEntity.grimoireofgaia.dwarf":3,"stat.useItem.minecraft.cooked_beef":3,"stat.pickup.explorercraft.lamb_shank":5,"stat.pickup.quark.tallow":5,"stat.damageDealt":5000,"stat.drop.dynamictrees.spruceseed":4,"stat.sleepInBed":2,"stat.timeSinceDeath":21984,"stat.killEntity.Pig":4,"stat.pickup.minecraft.mutton":4,"stat.walkOneCm":38587,"stat.craftItem.minecraft.bed":1,"stat.pickup.minecraft.crafting_table":2,"stat.craftItem.minecraft.crafting_table":1,"stat.mineBlock.quark.slate":1,"stat.mineBlock.minecraft.coal_ore":2,"stat.useItem.dynamictrees.oakseed":2,"stat.talkedToVillager":8,"stat.useItem.dynamictrees.birchseed":1,"stat.sprintOneCm":25477,"stat.pickup.minecraft.skull":1,"stat.craftItem.minecraft.stick":16,"stat.pickup.minecraft.gold_ingot":8,"stat.killEntity.Skeleton":1,"stat.pickup.grimoireofgaia.bag_book":1,"stat.drop.dynamictrees.oakseed":1,"stat.craftItem.minecraft.planks":28,"stat.mineBlock.minecraft.crafting_table":2,"stat.pickup.grimoireofgaia.box_gold":1,"stat.pickup.dungeontactics.bag_arbour":1,"stat.mobKills":15,"stat.drop":8,"stat.drop.futuremc.lily_of_the_valley":7,"stat.playOneMinute":21984,"stat.killEntity.Sheep":3,"stat.drop.dungeontactics.stone_plate_greaves":1,"stat.sneakTime":437,"stat.pickup.minecraft.wool":3,"stat.useItem.dungeontactics.iron_battleaxe":61,"stat.pickup.minecraft.golden_chestplate":2,"stat.killEntity.Zombie":1,"stat.diveOneCm":1991}