{"stat.useItem.minecraft.bow":505,"stat.mineBlock.quark.roots_white_flower":1,"stat.mineBlock.explorercraft.basalt_cobblestone":48,"stat.pickup.weeping-angels.kontron_ingot":1,"stat.leaveGame":10,"stat.drop.bountiful.bounty":1,"stat.pickup.tconstruct.edible":26,"stat.craftItem.explorercraft.amethyst_leggings":1,"stat.pickup.grimoireofgaia.weapon_fan_fire":2,"stat.craftItem.minecraft.shield":4,"stat.mineBlock.minecraft.web":66,"stat.drop.minecraft.feather":2,"stat.pickup.minecraft.rotten_flesh":278,"stat.pickup.mod_lavacow.parasite_item":4,"stat.useItem.explorercraft.basalt_cobblestone":54,"stat.mineBlock.futuremc.fletching_table":5,"stat.pickup.minecraft.leather_boots":5,"stat.pickup.minecraft.record_ward":1,"stat.pickup.dungeontactics.iron_cluster":137,"stat.pickup.grimoireofgaia.misc_fur":1,"stat.killEntity.grimoireofgaia.dwarf":3,"stat.killEntity.Witch":3,"stat.pickup.quark.tallow":9,"stat.craftItem.explorercraft.amethyst_chestplate":1,"stat.pickup.mod_lavacow.intestine":16,"stat.useItem.minecraft.iron_pickaxe":339,"stat.drop.minecraft.cooked_mutton":4,"stat.craftItem.minecraft.bed":2,"stat.mineBlock.minecraft.vine":5,"stat.pickup.minecraft.record_far":1,"stat.pickup.artifacts.feral_claws":1,"stat.pickup.minecraft.wooden_shovel":2,"stat.furnaceInteraction":97,"stat.mineBlock.quark.slate":1,"stat.killEntity.grimoireofgaia.ender_eye":1,"stat.killEntity.ZombieVillager":1,"stat.useItem.grimoireofgaia.food_coalfish":1,"stat.craftItem.minecraft.leather_helmet":2,"stat.killEntity.mod_lavacow.mimic":1,"stat.pickup.minecraft.beef":124,"stat.pickup.minecraft.leather_helmet":5,"stat.entityKilledBy.grimoireofgaia.deathword":1,"stat.pickup.grimoireofgaia.box_gold":1,"stat.pickup.minecraft.emerald":1,"stat.pickup.dynamictrees.oakseed":2,"stat.deaths":23,"stat.pickup.minecraft.bowl":1,"stat.pickup.minecraft.egg":5,"stat.craftItem.minecraft.iron_pickaxe":2,"stat.pickup.dungeontactics.flower_cinder":2,"stat.mineBlock.minecraft.tallgrass":31,"stat.fishCaught":2,"stat.craftItem.minecraft.cooked_mutton":9,"stat.pickup.dungeontactics.bag_food":7,"stat.pickup.minecraft.cooked_mutton":7,"stat.chestOpened":357,"stat.useItem.minecraft.cooked_rabbit":1,"stat.useItem.dungeontactics.bush_cherrybomb":1,"stat.useItem.minecraft.stone":385,"stat.pickup.minecraft.arrow":384,"stat.pickup.dungeontactics.bag_ore":1,"stat.killEntity.grimoireofgaia.cecaelia":3,"stat.pickup.minecraft.gold_nugget":25,"stat.craftItem.explorercraft.amethyst_sword":1,"stat.pickup.minecraft.carrot":3,"stat.drop.minecraft.stone_sword":2,"stat.crouchOneCm":32245,"stat.mineBlock.minecraft.chest":7,"stat.craftItem.minecraft.iron_ingot":125,"stat.killEntity.goat":1,"stat.useItem.quark.root_flower":1,"stat.craftingTableInteraction":102,"stat.pickup.minecraft.wooden_pickaxe":2,"stat.useItem.futuremc.sweet_berries":28,"stat.useItem.minecraft.reeds":41,"stat.pickup.minecraft.dye":39,"stat.pickup.minecraft.planks":97,"stat.pickup.minecraft.wheat_seeds":10,"stat.killEntity.grimoireofgaia.flesh_lich":1,"stat.craftItem.tconstruct.slime_congealed":5,"stat.mineBlock.minecraft.dirt":97,"stat.useItem.minecraft.bread":1,"stat.drop.minecraft.rotten_flesh":1,"stat.useItem.minecraft.cobblestone":379,"stat.useItem.minecraft.gravel":1,"stat.mineBlock.minecraft.double_plant":4,"stat.killEntity.grimoireofgaia.oni":6,"stat.useItem.dynamictrees.oakseed":2,"stat.drop.minecraft.chicken":2,"stat.killEntity.goblin2":3,"stat.pickup.minecraft.iron_pickaxe":4,"stat.pickup.minecraft.chicken":2,"stat.pickup.minecraft.tipped_arrow":58,"stat.pickup.wearablebackpacks.backpack":1,"stat.pickup.mod_lavacow.shattered_ice":1,"stat.drop.dynamictrees.oakseed":1,"stat.craftItem.minecraft.bucket":1,"stat.craftItem.minecraft.planks":336,"stat.useItem.minecraft.iron_sword":466,"stat.pickup.minecraft.stone_sword":8,"stat.useItem.minecraft.stonebrick":43,"stat.craftItem.minecraft.wooden_door":3,"stat.mineBlock.minecraft.log":52,"stat.useItem.minecraft.wooden_door":2,"stat.pickup.quark.stone_granite_slab":3,"stat.useItem.minecraft.spruce_door":2,"stat.pickup.dungeontactics.flower_xp":1,"stat.mineBlock.dungeontactics.dungeon_glass":2,"stat.pickup.dungeontactics.bag_quiver":8,"stat.craftItem.minecraft.paper":3,"stat.pickup.minecraft.wool":12,"stat.useItem.minecraft.wooden_axe":2,"stat.craftItem.minecraft.spruce_door":3,"stat.killEntity.grimoireofgaia.banshee":2,"stat.useItem.minecraft.iron_axe":184,"stat.pickup.explorercraft.basalt_cobblestone":91,"stat.useItem.explorercraft.amethyst_pickaxe":761,"stat.mineBlock.minecraft.cobblestone":96,"stat.pickup.minecraft.stone_pickaxe":5,"stat.pickup.minecraft.flint":1,"stat.pickup.minecraft.leather_chestplate":12,"stat.craftItem.minecraft.wool":1,"stat.pickup.minecraft.enchanted_book":1,"stat.pickup.minecraft.cooked_porkchop":6,"stat.useItem.minecraft.stone_slab2":305,"stat.pickup.minecraft.bow":27,"stat.pickup.minecraft.iron_boots":2,"stat.craftItem.minecraft.furnace":2,"stat.pickup.dungeontactics.iron_battleaxe":1,"stat.pickup.minecraft.golden_axe":6,"stat.useItem.minecraft.egg":4,"stat.craftItem.minecraft.spruce_boat":1,"stat.pickup.minecraft.pumpkin_pie":1,"stat.craftItem.minecraft.iron_boots":2,"stat.craftItem.minecraft.cooked_beef":78,"stat.mineBlock.minecraft.obsidian":5,"stat.pickup.minecraft.record_chirp":2,"stat.craftItem.minecraft.bow":2,"stat.pickup.futuremc.sweet_berries":114,"stat.flyOneCm":935109,"stat.useItem.explorercraft.lamb_shank":1,"stat.pickup.minecraft.fish":2,"stat.timeSinceDeath":112231,"stat.pickup.dungeontactics.magic_scroll":6,"stat.killEntity.grimoireofgaia.chest":4,"stat.pickup.dungeontactics.silver_cluster":1,"stat.craftItem.minecraft.iron_block":3,"stat.killEntity.Bat":1,"stat.killEntity.mod_lavacow.parasite":5,"stat.pickup.mod_lavacow.hyphae":2,"stat.mineBlock.dungeontactics.bush_incindiberry":1,"stat.pickup.minecraft.chainmail_helmet":2,"stat.pickup.minecraft.spruce_fence":4,"stat.craftItem.minecraft.chainmail_leggings":2,"stat.mineBlock.minecraft.coal_ore":150,"stat.useItem.dungeontactics.ration_iron":2,"stat.killEntity.Creeper":4,"stat.pickup.dungeontactics.flower_feather":1,"stat.pickup.minecraft.shield":4,"stat.talkedToVillager":24,"stat.pickup.minecraft.wooden_sword":5,"stat.pickup.minecraft.string":92,"stat.pickup.explorercraft.marble":136,"stat.pickup.artifacts.star_cloak":1,"stat.entityKilledBy.Skeleton":14,"stat.sprintOneCm":674740,"stat.useItem.minecraft.diamond_shovel":2,"stat.mineBlock.minecraft.stone_slab":17,"stat.pickup.minecraft.bone_block":2,"stat.useItem.dungeontactics.incindiberry":1,"stat.pickup.quark.elder_prismarine":1,"stat.mineBlock.dungeontactics.silver_ore":1,"stat.craftItem.dungeontactics.stone_shield":1,"stat.mineBlock.minecraft.diamond_ore":19,"stat.pickup.minecraft.leather_leggings":7,"stat.pickup.dungeontactics.ration_iron":3,"stat.pickup.minecraft.sugar":2,"stat.pickup.futuremc.fletching_table":5,"stat.craftItem.minecraft.leather_chestplate":3,"stat.drop.minecraft.golden_rail":4,"stat.killEntity.Zombie":150,"stat.pickup.dungeontactics.magic_powder":1,"stat.mineBlock.minecraft.gold_ore":5,"stat.diveOneCm":149471,"stat.drop.dungeontactics.iron_battleaxe":1,"stat.drop.minecraft.diamond_pickaxe":1,"stat.pickup.minecraft.wheat":2,"stat.mineBlock.minecraft.mossy_cobblestone":8,"stat.craftItem.minecraft.cooked_porkchop":6,"stat.pickup.minecraft.stone_axe":11,"stat.pickup.quark.glowshroom":4,"stat.pickup.mod_lavacow.foul_bristle":4,"stat.pickup.minecraft.obsidian":5,"stat.pickup.mod_lavacow.scarecrowhead_straw":1,"stat.craftItem.explorercraft.lamb_shank_cooked":18,"stat.mineBlock.mod_lavacow.veil_shroom":1,"stat.useItem.minecraft.rotten_flesh":26,"stat.jump":9105,"stat.pickup.minecraft.coal":167,"stat.pickup.minecraft.iron_ingot":106,"stat.pickup.dungeontactics.ducttape":6,"stat.pickup.minecraft.gunpowder":6,"stat.drop.minecraft.wooden_sword":1,"stat.craftItem.minecraft.torch":492,"stat.drop.mod_lavacow.mimic_claw":2,"stat.pickup.dungeontactics.iron_cutlass":1,"stat.pickup.minecraft.dirt":334,"stat.drop.futuremc.sweet_berries":49,"stat.mineBlock.minecraft.lapis_ore":4,"stat.pickup.minecraft.iron_axe":3,"stat.mineBlock.minecraft.glass_pane":1,"stat.damageTaken":36472,"stat.mineBlock.minecraft.torch":97,"stat.pickup.grimoireofgaia.box":1,"stat.killEntity.tconstruct.blueslime":36,"stat.pickup.minecraft.log2":11,"stat.pickup.minecraft.bed":26,"stat.pickup.minecraft.potato":2,"stat.pickup.dungeontactics.magic_tether":1,"stat.entityKilledBy.Zombie":2,"stat.mineBlock.explorercraft.basalt":35,"stat.killEntity.Silverfish":120,"stat.craftItem.minecraft.stone_slab":24,"stat.craftItem.quark.stone_granite_stairs":8,"stat.pickup.minecraft.diamond_pickaxe":1,"stat.useItem.minecraft.lava_bucket":5,"stat.pickup.mod_lavacow.mimic_claw":6,"stat.pickup.explorercraft.amethyst_pickaxe":1,"stat.killEntity.mod_lavacow.zombiemushroom":3,"stat.craftItem.minecraft.iron_chestplate":3,"stat.pickup.minecraft.baked_potato":2,"stat.pickup.scalinghealth.heartcontainer":7,"stat.pickup.bountiful.bounty":1,"stat.mineBlock.scalinghealth.crystalore":4,"stat.pickup.explorercraft.dried_fruits":12,"stat.pickup.grimoireofgaia.bag_book":1,"stat.mineBlock.minecraft.stonebrick":329,"stat.killEntity.grimoireofgaia.harpy":2,"stat.mobKills":758,"stat.useItem.minecraft.mossy_cobblestone":7,"stat.pickup.minecraft.diamond":18,"stat.pickup.minecraft.beetroot_seeds":4,"stat.drop.futuremc.lily_of_the_valley":7,"stat.pickup.minecraft.torch":203,"stat.entityKilledBy.Silverfish":2,"stat.pickup.dungeontactics.fish_tunnel":1,"stat.drop.quark.glowshroom":2,"stat.pickup.minecraft.spruce_boat":3,"stat.killEntity.grimoireofgaia.cyclops":2,"stat.craftItem.minecraft.chainmail_boots":1,"stat.drop.minecraft.mutton":1,"stat.pickup.dungeontactics.bag_magic":2,"stat.pickup.minecraft.record_stal":1,"stat.pickup.grimoireofgaia.misc_soul_fire":9,"stat.craftItem.minecraft.iron_axe":2,"stat.pickup.dungeontactics.cherry_bomb":32,"stat.useItem.explorercraft.amethyst_sword":105,"stat.pickup.mod_lavacow.cursed_fabric":3,"stat.drop.minecraft.shield":1,"stat.pickup.minecraft.fishing_rod":1,"stat.pickup.dungeontactics.flower_sanguine":7,"stat.useItem.minecraft.planks":107,"stat.pickup.minecraft.golden_boots":4,"stat.drop.dynamictrees.birchseed":1,"stat.drop.explorercraft.lamb_shank":1,"stat.drop.minecraft.bowl":1,"stat.pickup.minecraft.porkchop":9,"stat.useItem.minecraft.water_bucket":171,"stat.mineBlock.minecraft.stone_brick_stairs":12,"stat.pickup.minecraft.sand":21,"stat.entityKilledBy.Spider":1,"stat.pickup.minecraft.splash_potion":1,"stat.pickup.minecraft.name_tag":3,"stat.mineBlock.explorercraft.marble":143,"stat.craftItem.minecraft.stone_sword":7,"stat.pickup.dynamictrees.spruceseed":21,"stat.pickup.minecraft.chainmail_chestplate":4,"stat.drop.dynamictrees.spruceseed":4,"stat.craftItem.dungeontactics.iron_cutlass":3,"stat.pickup.grimoireofgaia.box_iron":3,"stat.pickup.dungeontactics.bush_incindiberry":1,"stat.useItem.quark.stone_granite_stairs":3,"stat.craftItem.wearablebackpacks.backpack":1,"stat.pickup.mod_lavacow.ectoplasm":2,"stat.pickup.grimoireofgaia.food_coalfish":2,"stat.drop.minecraft.stone_slab":1,"stat.pickup.moremobss.vampirefang":2,"stat.useItem.dynamictrees.birchseed":1,"stat.pickup.minecraft.furnace":10,"stat.useItem.minecraft.cooked_mutton":12,"stat.pickup.mod_lavacow.banshee_vocal_cord":1,"stat.pickup.minecraft.iron_chestplate":2,"stat.pickup.minecraft.skull":22,"stat.craftItem.quark.arrow_torch":31,"stat.mineBlock.dungeontactics.flower_xp":1,"stat.useItem.minecraft.pumpkin_pie":1,"stat.pickup.minecraft.pumpkin_seeds":4,"stat.mineBlock.quark.stone_granite_slab":3,"stat.pickup.mod_lavacow.veil_shroom":1,"stat.playOneMinute":819468,"stat.drop.minecraft.string":2,"stat.mineBlock.quark.stone_granite_stairs":2,"stat.pickup.minecraft.iron_bars":3,"stat.pickup.dungeontactics.fish_lava":1,"stat.killEntity.mod_lavacow.raven":2,"stat.pickup.minecraft.spruce_door":1,"stat.killEntity.quark:crab":1,"stat.useItem.dungeontactics.iron_cutlass":524,"stat.fallOneCm":182624,"stat.drop.minecraft.stone":1,"stat.drop.minecraft.dye":1,"stat.pickup.minecraft.melon_seeds":1,"stat.pickup.quark.slate":1,"stat.pickup.dungeontactics.stone_plate_greaves":1,"stat.craftItem.minecraft.chest":3,"stat.pickup.dungeontactics.bag_potion":1,"stat.pickup.minecraft.melon":1,"stat.pickup.mod_lavacow.scythe_claw":2,"stat.pickup.minecraft.feather":8,"stat.mineBlock.quark.elder_prismarine":1,"stat.useItem.minecraft.furnace":3,"stat.pickup.dungeontactics.bush_cherrybomb":2,"stat.pickup.antiqueatlas.antique_atlas":1,"stat.drop.mod_lavacow.feather_black":1,"stat.killEntity.Llama":3,"stat.mineBlock.minecraft.spruce_fence":1,"stat.pickup.minecraft.iron_leggings":1,"stat.mineBlock.minecraft.gravel":5,"stat.useItem.minecraft.stone_pickaxe":672,"stat.craftItem.minecraft.iron_leggings":3,"stat.useItem.minecraft.stone_sword":569,"stat.killEntity.grimoireofgaia.bone_knight":1,"stat.pickup.minecraft.redstone_ore":3,"stat.pickup.minecraft.chainmail_boots":3,"stat.craftItem.minecraft.leather":70,"stat.drop.minecraft.iron_axe":1,"stat.mineBlock.minecraft.monster_egg":34,"stat.useItem.minecraft.torch":619,"stat.pickup.minecraft.golden_apple":1,"stat.drop.minecraft.stone_brick_stairs":4,"stat.pickup.minecraft.iron_nugget":43,"stat.pickup.minecraft.crafting_table":22,"stat.craftItem.minecraft.crafting_table":9,"stat.killEntity.grimoireofgaia.arachne":1,"stat.mineBlock.quark.stone_speleothem":10,"stat.pickup.minecraft.log":129,"stat.drop.minecraft.stonebrick":11,"stat.drop.minecraft.planks":12,"stat.killEntity.grimoireofgaia.nine_tails":4,"stat.pickup.minecraft.chainmail_leggings":5,"stat.pickup.minecraft.sapling":3,"stat.pickup.minecraft.wooden_door":5,"stat.pickup.dungeontactics.bag_tool":5,"stat.drop.minecraft.melon_seeds":1,"stat.pickup.minecraft.beetroot":2,"stat.useItem.grimoireofgaia.weapon_fan_fire":32,"stat.craftItem.dungeontactics.iron_shield":1,"stat.craftItem.minecraft.golden_boots":1,"stat.sneakTime":20666,"stat.pickup.minecraft.rabbit":1,"stat.drop.minecraft.bucket":1,"stat.useItem.minecraft.baked_potato":2,"stat.pickup.minecraft.stone_slab":19,"stat.pickup.minecraft.yellow_flower":1,"stat.pickup.minecraft.golden_rail":8,"stat.useItem.minecraft.fishing_rod":8,"stat.pickup.minecraft.chest":5,"stat.craftItem.minecraft.enchanting_table":1,"stat.craftItem.minecraft.leather_leggings":2,"stat.pickup.minecraft.bone":382,"stat.useItem.minecraft.mushroom_stew":1,"stat.pickup.dungeontactics.bag_mystery":5,"stat.horseOneCm":6049,"stat.drop.minecraft.leather_helmet":1,"stat.craftItem.tconstruct.slimesling":1,"stat.swimOneCm":883309,"stat.climbOneCm":3774,"stat.mineBlock.quark.roots":3,"stat.useItem.minecraft.dirt":243,"stat.pickup.minecraft.golden_helmet":2,"stat.killEntity.goblin":3,"stat.pickup.moremobss.goatwool":1,"stat.pickup.minecraft.cooked_rabbit":1,"stat.killEntity.artifacts.mimic":2,"stat.pickup.minecraft.anvil":3,"stat.useItem.minecraft.golden_pickaxe":15,"stat.craftItem.minecraft.stone_pickaxe":6,"stat.pickup.minecraft.cobblestone":712,"stat.pickup.minecraft.glass_bottle":1,"stat.pickup.dungeontactics.flower_fade":2,"stat.killEntity.ZombieHorse":1,"stat.mineBlock.quark.custom_chest":3,"stat.drop.minecraft.wheat_seeds":2,"stat.useItem.minecraft.cooked_beef":66,"stat.pickup.explorercraft.lamb_shank":33,"stat.pickup.dungeontactics.gold_cluster":5,"stat.pickup.minecraft.golden_pickaxe":1,"stat.pickup.minecraft.redstone":19,"stat.mineBlock.minecraft.iron_ore":141,"stat.craftItem.minecraft.book":1,"stat.pickup.minecraft.mutton":19,"stat.pickup.minecraft.mossy_cobblestone":13,"stat.drop.minecraft.coal":2,"stat.pickup.minecraft.wooden_axe":13,"stat.pickup.dungeontactics.mushroom_iron":1,"stat.drop.minecraft.golden_boots":1,"stat.pickup.minecraft.stonebrick":442,"stat.drop.minecraft.dirt":1,"stat.useItem.minecraft.cooked_porkchop":28,"stat.pickup.minecraft.iron_shovel":2,"stat.pickup.minecraft.diamond_shovel":1,"stat.drop.dungeontactics.fish_swift":1,"stat.pickup.quark.stone_granite_stairs":2,"stat.craftItem.tconstruct.slime_boots":1,"stat.craftItem.minecraft.stone_slab2":0,"stat.useItem.minecraft.golden_axe":32,"stat.craftItem.minecraft.stick":92,"stat.useItem.minecraft.stone_slab":26,"stat.craftItem.minecraft.stone":4,"stat.mineBlock.minecraft.crafting_table":22,"stat.useItem.minecraft.diamond_pickaxe":420,"stat.pickup.dungeontactics.bag_arbour":6,"stat.craftItem.dungeontactics.wooden_shield":1,"stat.mineBlock.minecraft.planks":47,"stat.drop":64,"stat.killEntity.Sheep":12,"stat.drop.dungeontactics.stone_plate_greaves":1,"stat.pickup.minecraft.slime_ball":17,"stat.pickup.minecraft.golden_chestplate":5,"stat.craftItem.minecraft.diamond_pickaxe":1,"stat.drop.minecraft.bread":1,"stat.killEntity.vampire":2,"stat.drop.minecraft.wooden_pickaxe":1,"stat.pickup.minecraft.gravel":9,"stat.useItem.explorercraft.lamb_shank_cooked":17,"stat.mineBlock.minecraft.anvil":3,"stat.mineBlock.dungeontactics.stonequartz_ore":5,"stat.pickup.dungeontactics.bag_record":4,"stat.pickup.minecraft.stone_brick_stairs":15,"stat.pickup.minecraft.iron_helmet":3,"stat.pickup.scalinghealth.crystalshard":4,"stat.useItem.minecraft.stone_axe":48,"stat.pickup.minecraft.spider_eye":6,"stat.craftItem.minecraft.iron_helmet":5,"stat.pickup.minecraft.diamond_ore":2,"stat.drop.dungeontactics.ducttape":3,"stat.pickup.explorercraft.amethyst":4,"stat.pickup.mod_lavacow.glowshroom":1,"stat.boatOneCm":175544,"stat.mineBlock.minecraft.iron_bars":3,"stat.useItem.explorercraft.marble":92,"stat.pickup.quark.custom_chest":3,"stat.mineBlock.explorercraft.amethyst_ore":4,"stat.pickup.minecraft.leather":48,"stat.pickup.dungeontactics.iron_shield":2,"stat.mineBlock.minecraft.furnace":9,"stat.entityKilledBy.grimoireofgaia.nine_tails":2,"stat.dispenserInspected":1,"stat.mineBlock.dungeontactics.flower_cinder":2,"stat.pickup.mod_lavacow.chitin":2,"stat.useItem.dungeontactics.cherry_bomb":29,"stat.pickup.minecraft.reeds":45,"stat.pickup.dungeontactics.bag_book":2,"stat.killEntity.CaveSpider":2,"stat.pickup.dungeontactics.incindiberry":1,"stat.damageDealt":158782,"stat.sleepInBed":24,"stat.craftItem.minecraft.anvil":1,"stat.killEntity.Cow":35,"stat.killEntity.Pig":5,"stat.craftItem.minecraft.iron_sword":2,"stat.walkOneCm":1925126,"stat.useItem.quark.custom_chest":5,"stat.pickup.minecraft.stick":34,"stat.craftItem.quark.custom_chest":8,"stat.pickup.minecraft.spectral_arrow":13,"stat.pickup.minecraft.clay_ball":8,"stat.killEntity.quark:stoneling":1,"stat.useItem.minecraft.spruce_boat":3,"stat.mineBlock.dungeontactics.mushroom_iron":1,"stat.pickup.dungeontactics.fish_obsidian":2,"stat.pickup.mod_lavacow.feather_black":1,"stat.mineBlock.dungeontactics.flower_sanguine":6,"stat.useItem.scalinghealth.heartcontainer":8,"stat.pickup.quark.root_flower":2,"stat.pickup.dungeontactics.fish_swift":2,"stat.pickup.minecraft.stone":499,"stat.killEntity.grimoireofgaia.dullahan":3,"stat.pickup.minecraft.gold_ingot":19,"stat.killEntity.Skeleton":191,"stat.pickup.explorercraft.ruby_horse_armor":1,"stat.pickup.mod_lavacow.sharptooth":2,"stat.killEntity.Chicken":2,"stat.killEntity.Spider":34,"stat.pickup.minecraft.bread":4,"stat.pickup.minecraft.quartz":5,"stat.killEntity.mod_lavacow.scarecrow":2,"stat.useItem.minecraft.golden_apple":2,"stat.killEntity.mod_lavacow.banshee":3,"stat.pickup.minecraft.water_bucket":2,"stat.mineBlock.minecraft.leaves":1,"stat.mineBlock.minecraft.redstone_ore":3,"stat.useItem.dungeontactics.iron_battleaxe":454,"stat.mineBlock.minecraft.bone_block":2,"stat.killEntity.quark:ashen":2,"stat.mineBlock.minecraft.stone":1011}