{"stat.mineBlock.quark.roots_white_flower":1,"stat.craftItem.dungeontactics.iron_battleaxe":1,"stat.pickup.blocklings.blockling":11,"stat.leaveGame":1,"stat.pickup.grimoireofgaia.misc_soul_fire":6,"stat.pickup.dungeontactics.cherry_bomb":11,"stat.useItem.minecraft.planks":46,"stat.craftItem.minecraft.shield":1,"stat.pickup.minecraft.porkchop":12,"stat.useItem.minecraft.water_bucket":2,"stat.pickup.minecraft.rotten_flesh":19,"stat.pickup.minecraft.sand":16,"stat.pickup.minecraft.splash_potion":1,"stat.useItem.explorercraft.basalt_cobblestone":3,"stat.craftItem.minecraft.stone_axe":1,"stat.mineBlock.explorercraft.marble":3,"stat.useItem.dungeontactics.iron_hammer":9,"stat.pickup.dungeontactics.iron_cluster":18,"stat.craftItem.minecraft.stone_sword":1,"stat.pickup.dynamictrees.spruceseed":2,"stat.killEntity.Witch":1,"stat.craftItem.minecraft.cooked_fish":1,"stat.pickup.explorercraft.cheese":1,"stat.pickup.quark.tallow":19,"stat.pickup.explorercraft.bamboo_log":13,"stat.pickup.mod_lavacow.intestine":3,"stat.useItem.minecraft.iron_pickaxe":115,"stat.craftItem.minecraft.wooden_pickaxe":1,"stat.craftItem.dungeontactics.iron_cutlass":1,"stat.craftItem.minecraft.bed":1,"stat.furnaceInteraction":24,"stat.killEntity.mod_lavacow.mimic":3,"stat.pickup.minecraft.beef":1,"stat.pickup.minecraft.furnace":2,"stat.useItem.minecraft.cooked_mutton":2,"stat.pickup.dynamictreesquark.blossomingseed":7,"stat.pickup.minecraft.skull":4,"stat.drop.minecraft.pumpkin_seeds":1,"stat.pickup.minecraft.potion":3,"stat.pickup.explorercraft.amethyst_axe":1,"stat.pickup.minecraft.pumpkin_seeds":1,"stat.pickup.dynamictrees.oakseed":13,"stat.drop.quark.root_flower":1,"stat.deaths":9,"stat.useItem.dungeontactics.stone_cutlass":68,"stat.pickup.minecraft.egg":1,"stat.playOneMinute":184718,"stat.entityKilledBy.grimoireofgaia.dullahan":1,"stat.craftItem.minecraft.iron_pickaxe":4,"stat.mineBlock.minecraft.tallgrass":3,"stat.pickup.minecraft.cooked_mutton":3,"stat.chestOpened":60,"stat.useItem.minecraft.splash_potion":1,"stat.pickup.minecraft.arrow":12,"stat.useItem.dungeontactics.iron_cutlass":20,"stat.pickup.minecraft.detector_rail":2,"stat.pickup.minecraft.gold_nugget":1,"stat.useItem.dungeontactics.stone_battleaxe":146,"stat.useItem.minecraft.experience_bottle":6,"stat.fallOneCm":44783,"stat.pickup.minecraft.melon_seeds":2,"stat.crouchOneCm":3642,"stat.mineBlock.minecraft.chest":4,"stat.craftItem.minecraft.chest":1,"stat.craftItem.minecraft.iron_ingot":22,"stat.useItem.quark.root_flower":2,"stat.craftingTableInteraction":41,"stat.pickup.minecraft.feather":3,"stat.pickup.dungeontactics.bush_cherrybomb":2,"stat.pickup.minecraft.dye":22,"stat.pickup.minecraft.planks":7,"stat.killEntity.Llama":1,"stat.mineBlock.dungeontactics.bush_cherrybomb":2,"stat.useItem.minecraft.stone_pickaxe":235,"stat.useItem.minecraft.stone_sword":8,"stat.mineBlock.minecraft.dirt":29,"stat.useItem.minecraft.torch":113,"stat.pickup.minecraft.iron_nugget":12,"stat.drop.minecraft.rotten_flesh":3,"stat.pickup.minecraft.crafting_table":11,"stat.useItem.minecraft.cobblestone":127,"stat.craftItem.minecraft.crafting_table":4,"stat.mineBlock.quark.stone_speleothem":21,"stat.pickup.minecraft.log":30,"stat.useItem.minecraft.cooked_fish":1,"stat.craftItem.dungeontactics.iron_hammer":1,"stat.useItem.minecraft.yellow_flower":1,"stat.pickup.minecraft.chicken":2,"stat.pickup.minecraft.chainmail_leggings":1,"stat.pickup.minecraft.tipped_arrow":37,"stat.craftItem.minecraft.bucket":1,"stat.craftItem.minecraft.planks":116,"stat.pickup.minecraft.stone_sword":2,"stat.craftItem.minecraft.wooden_door":3,"stat.useItem.minecraft.wooden_door":1,"stat.pickup.dungeontactics.flower_xp":1,"stat.craftItem.dungeontactics.stone_cutlass":1,"stat.sneakTime":2491,"stat.pickup.minecraft.wool":4,"stat.pickup.minecraft.yellow_flower":8,"stat.pickup.minecraft.chest":4,"stat.pickup.minecraft.lingering_potion":1,"stat.pickup.minecraft.bone":7,"stat.killEntity.grimoireofgaia.banshee":1,"stat.pickup.explorercraft.basalt_cobblestone":9,"stat.mineBlock.minecraft.cobblestone":10,"stat.mineBlock.minecraft.yellow_flower":9,"stat.craftItem.endreborn.tool_hammer_iron":1,"stat.swimOneCm":52339,"stat.mineBlock.quark.glowcelium":1,"stat.pickup.minecraft.enchanted_book":1,"stat.climbOneCm":8,"stat.mineBlock.quark.roots":8,"stat.useItem.minecraft.dirt":16,"stat.useItem.minecraft.stone_slab2":53,"stat.useItem.grimoireofgaia.misc_soul_fire":1,"stat.pickup.minecraft.bow":1,"stat.killEntity.Piranha":1,"stat.pickup.minecraft.iron_boots":1,"stat.craftItem.minecraft.furnace":2,"stat.pickup.dungeontactics.flower_bramble":2,"stat.craftItem.minecraft.iron_boots":1,"stat.craftItem.minecraft.stone_pickaxe":14,"stat.craftItem.minecraft.cooked_beef":1,"stat.pickup.minecraft.cobblestone":306,"stat.flyOneCm":322565,"stat.pickup.minecraft.fish":1,"stat.useItem.minecraft.cooked_beef":1,"stat.pickup.explorercraft.lamb_shank":7,"stat.pickup.dungeontactics.gold_cluster":2,"stat.mineBlock.minecraft.iron_ore":9,"stat.timeSinceDeath":9988,"stat.pickup.minecraft.mutton":7,"stat.craftItem.minecraft.iron_block":1,"stat.killEntity.Bat":1,"stat.killEntity.mod_lavacow.parasite":1,"stat.pickup.dungeontactics.mushroom_iron":3,"stat.useItem.dungeontactics.mushroom_iron":2,"stat.useItem.minecraft.cooked_porkchop":17,"stat.mineBlock.minecraft.coal_ore":24,"stat.pickup.minecraft.shield":1,"stat.pickup.abyssalcraft.nitre":4,"stat.pickup.explorercraft.marble":6,"stat.mineBlock.explorercraft.bamboo_log":1,"stat.pickup.tombstone.crafting_ingredient":3,"stat.entityKilledBy.Skeleton":2,"stat.craftItem.minecraft.stone_slab2":0,"stat.sprintOneCm":263630,"stat.craftItem.minecraft.stick":36,"stat.killEntity.abyssalcraft.dreadling":1,"stat.craftItem.dungeontactics.stone_shield":1,"stat.killEntity.grimoireofgaia.sludge_girl":1,"stat.mineBlock.minecraft.crafting_table":11,"stat.craftItem.dungeontactics.wooden_shield":1,"stat.drop.dungeontactics.iron_plate_boots":1,"stat.pickup.endreborn.catalyst":1,"stat.mineBlock.minecraft.planks":9,"stat.drop":7,"stat.pickup.dungeontactics.mortar&pestle":1,"stat.killEntity.Sheep":4,"stat.pickup.minecraft.slime_ball":3,"stat.killEntity.Zombie":8,"stat.mineBlock.minecraft.gold_ore":1,"stat.diveOneCm":12818,"stat.pickup.dungeontactics.iron_plate_boots":1,"stat.craftItem.minecraft.cooked_porkchop":17,"stat.useItem.explorercraft.lamb_shank_cooked":7,"stat.mineBlock.abyssalcraft.nitreore":2,"stat.pickup.quark.glowshroom":2,"stat.mineBlock.quark.roots_black_flower":1,"stat.craftItem.explorercraft.lamb_shank_cooked":7,"stat.killEntity.grimoireofgaia.vase":1,"stat.useItem.minecraft.rotten_flesh":1,"stat.jump":2204,"stat.pickup.minecraft.coal":24,"stat.useItem.dynamictrees.spruceseed":1,"stat.mineBlock.quark.glowshroom":2,"stat.useItem.minecraft.stone_axe":19,"stat.pickup.minecraft.gunpowder":108,"stat.pickup.minecraft.spider_eye":1,"stat.craftItem.minecraft.torch":86,"stat.pickup.minecraft.dirt":86,"stat.craftItem.minecraft.iron_helmet":1,"stat.drop.blocklings.blockling":1,"stat.pickup.explorercraft.amethyst":1,"stat.mineBlock.minecraft.lapis_ore":3,"stat.useItem.explorercraft.marble":1,"stat.mineBlock.explorercraft.amethyst_ore":1,"stat.damageTaken":5655,"stat.pickup.minecraft.leather":3,"stat.mineBlock.minecraft.furnace":2,"stat.mineBlock.minecraft.torch":5,"stat.useItem.minecraft.wooden_pickaxe":6,"stat.mineBlock.dungeontactics.flower_bramble":1,"stat.pickup.mod_lavacow.chitin":2,"stat.useItem.dungeontactics.cherry_bomb":9,"tombstone:undead_killed":20,"stat.mineBlock.explorercraft.basalt":6,"stat.damageDealt":15825,"stat.sleepInBed":1,"stat.killEntity.Cow":1,"stat.mineBlock.quark.roots_blue_flower":1,"stat.entityKilledBy.abyssalcraft.dreadspawn":1,"stat.killEntity.Pig":10,"stat.killEntity.abyssalcraft.dreadspawn":1,"stat.walkOneCm":398332,"stat.useItem.minecraft.chest":2,"stat.pickup.minecraft.stick":24,"stat.entityKilledBy.grimoireofgaia.banshee":5,"stat.pickup.minecraft.clay_ball":1,"stat.mineBlock.dungeontactics.mushroom_iron":3,"stat.pickup.mod_lavacow.mimic_claw":3,"stat.pickup.quark.root_flower":6,"stat.useItem.tombstone.gift":1,"stat.craftItem.dungeontactics.stone_battleaxe":2,"stat.craftItem.minecraft.iron_chestplate":1,"stat.killEntity.grimoireofgaia.dullahan":4,"stat.pickup.dungeontactics.mushroom_coal":2,"stat.killEntity.Skeleton":10,"stat.killEntity.Chicken":2,"stat.killEntity.Spider":2,"stat.pickup.abyssalcraft.dreadfragment":2,"stat.mobKills":79,"stat.pickup.minecraft.beetroot_seeds":6,"stat.pickup.minecraft.torch":25,"stat.useItem.dungeontactics.iron_battleaxe":18,"stat.mineBlock.minecraft.stone":278}