{"stat.chestOpened":28,"stat.killEntity.vampire":2,"stat.pickup.minecraft.bone":16,"stat.useItem.minecraft.iron_axe":26,"stat.leaveGame":2,"stat.pickup.minecraft.arrow":8,"stat.useItem.explorercraft.amethyst_pickaxe":30,"stat.useItem.explorercraft.lamb_shank_cooked":4,"stat.pickup.grimoireofgaia.misc_soul_fire":1,"stat.pickup.dungeontactics.cherry_bomb":5,"stat.pickup.minecraft.gold_nugget":9,"stat.craftItem.explorercraft.lamb_shank_cooked":5,"stat.craftItem.minecraft.wool":1,"stat.pickup.dungeontactics.bag_record":2,"stat.swimOneCm":36385,"stat.jump":685,"stat.pickup.minecraft.coal":10,"stat.pickup.minecraft.iron_helmet":1,"stat.fallOneCm":21271,"stat.useItem.minecraft.planks":6,"stat.climbOneCm":551,"stat.pickup.minecraft.iron_ingot":26,"stat.pickup.minecraft.enchanted_book":1,"stat.drop.dynamictrees.birchseed":1,"stat.pickup.minecraft.carrot":1,"stat.pickup.quark.slate":1,"stat.pickup.minecraft.porkchop":8,"stat.pickup.dungeontactics.stone_plate_greaves":1,"stat.crouchOneCm":999,"stat.craftItem.minecraft.torch":8,"stat.pickup.minecraft.dirt":96,"stat.useItem.minecraft.dirt":11,"stat.useItem.minecraft.stone_slab2":15,"stat.pickup.minecraft.bow":2,"stat.craftingTableInteraction":16,"stat.pickup.minecraft.rotten_flesh":7,"stat.craftItem.minecraft.furnace":1,"stat.pickup.minecraft.iron_axe":1,"stat.damageTaken":2448,"stat.pickup.minecraft.leather":7,"stat.mineBlock.minecraft.furnace":1,"stat.mineBlock.minecraft.torch":1,"stat.entityKilledBy.grimoireofgaia.nine_tails":2,"stat.pickup.minecraft.cobblestone":13,"stat.pickup.minecraft.log2":2,"stat.pickup.minecraft.leather_boots":1,"stat.useItem.dungeontactics.cherry_bomb":5,"stat.killEntity.Llama":3,"stat.pickup.minecraft.record_ward":1,"stat.flyOneCm":89358,"stat.pickup.dynamictrees.spruceseed":4,"stat.pickup.grimoireofgaia.misc_fur":1,"stat.killEntity.grimoireofgaia.dwarf":3,"stat.killEntity.Witch":1,"stat.useItem.minecraft.cooked_beef":3,"stat.pickup.explorercraft.lamb_shank":18,"stat.pickup.quark.tallow":5,"stat.damageDealt":14364,"stat.drop.dynamictrees.spruceseed":4,"stat.sleepInBed":5,"stat.timeSinceDeath":7235,"stat.killEntity.Cow":1,"stat.mineBlock.minecraft.dirt":5,"stat.killEntity.Pig":4,"stat.pickup.minecraft.mutton":14,"stat.pickup.minecraft.mossy_cobblestone":2,"stat.pickup.grimoireofgaia.box_iron":2,"stat.craftItem.minecraft.leather":7,"stat.craftItem.wearablebackpacks.backpack":1,"stat.walkOneCm":108618,"stat.craftItem.minecraft.bed":1,"stat.useItem.minecraft.torch":8,"stat.pickup.minecraft.stick":8,"stat.pickup.minecraft.iron_nugget":18,"stat.pickup.minecraft.crafting_table":4,"stat.pickup.minecraft.record_far":1,"stat.craftItem.minecraft.crafting_table":1,"stat.furnaceInteraction":11,"stat.mineBlock.quark.slate":1,"stat.killEntity.grimoireofgaia.oni":5,"stat.killEntity.ZombieVillager":1,"stat.mineBlock.minecraft.coal_ore":12,"stat.useItem.dynamictrees.oakseed":2,"stat.talkedToVillager":9,"stat.pickup.minecraft.log":11,"stat.useItem.dynamictrees.birchseed":1,"stat.killEntity.goblin2":2,"stat.pickup.minecraft.beef":3,"stat.pickup.minecraft.furnace":1,"stat.craftItem.minecraft.stone_slab2":0,"stat.killEntity.grimoireofgaia.nine_tails":1,"stat.pickup.wearablebackpacks.backpack":1,"stat.sprintOneCm":70064,"stat.pickup.minecraft.iron_chestplate":1,"stat.pickup.minecraft.skull":3,"stat.craftItem.minecraft.stick":16,"stat.pickup.minecraft.gold_ingot":15,"stat.killEntity.Skeleton":4,"stat.pickup.grimoireofgaia.bag_book":1,"stat.drop.dynamictrees.oakseed":1,"stat.craftItem.minecraft.planks":68,"stat.useItem.minecraft.iron_sword":7,"stat.craftItem.dungeontactics.stone_shield":1,"stat.mineBlock.minecraft.crafting_table":4,"stat.pickup.grimoireofgaia.box_gold":1,"stat.pickup.dungeontactics.bag_arbour":1,"stat.mobKills":49,"stat.pickup.minecraft.leather_leggings":1,"stat.craftItem.dungeontactics.wooden_shield":1,"stat.pickup.minecraft.sugar":2,"stat.deaths":2,"stat.drop":8,"stat.drop.futuremc.lily_of_the_valley":7,"stat.craftItem.dungeontactics.iron_shield":1,"stat.playOneMinute":58884,"stat.pickup.minecraft.torch":3,"stat.killEntity.Sheep":11,"stat.drop.dungeontactics.stone_plate_greaves":1,"stat.sneakTime":763,"stat.pickup.minecraft.wool":11,"stat.useItem.dungeontactics.iron_battleaxe":135,"stat.pickup.minecraft.golden_chestplate":3,"stat.killEntity.Zombie":7,"stat.pickup.minecraft.yellow_flower":1,"stat.killEntity.grimoireofgaia.cyclops":2,"stat.mineBlock.minecraft.stone":14,"stat.diveOneCm":38074}