{"stat.chestOpened":17,"stat.pickup.minecraft.bone":4,"stat.killEntity.grimoireofgaia.banshee":1,"stat.pickup.explorercraft.basalt_cobblestone":1,"stat.pickup.minecraft.arrow":2,"stat.craftItem.minecraft.cooked_porkchop":8,"stat.mineBlock.minecraft.cobblestone":1,"stat.mineBlock.minecraft.yellow_flower":9,"stat.pickup.grimoireofgaia.misc_soul_fire":3,"stat.pickup.dungeontactics.cherry_bomb":11,"stat.pickup.minecraft.detector_rail":2,"stat.pickup.minecraft.gold_nugget":1,"stat.useItem.dungeontactics.stone_battleaxe":46,"stat.useItem.minecraft.rotten_flesh":1,"stat.jump":1023,"stat.swimOneCm":13458,"stat.pickup.minecraft.coal":18,"stat.fallOneCm":25730,"stat.useItem.minecraft.planks":46,"stat.climbOneCm":8,"stat.pickup.minecraft.enchanted_book":1,"stat.useItem.minecraft.stone_axe":18,"stat.pickup.minecraft.porkchop":11,"stat.crouchOneCm":884,"stat.craftItem.minecraft.chest":1,"stat.craftItem.minecraft.torch":22,"stat.pickup.minecraft.dirt":16,"stat.useItem.minecraft.dirt":9,"stat.useItem.minecraft.stone_slab2":25,"stat.useItem.grimoireofgaia.misc_soul_fire":1,"stat.killEntity.Piranha":1,"stat.craftingTableInteraction":17,"stat.pickup.minecraft.rotten_flesh":5,"stat.craftItem.minecraft.furnace":1,"stat.pickup.dungeontactics.flower_bramble":2,"stat.craftItem.minecraft.stone_axe":1,"stat.damageTaken":1577,"stat.pickup.minecraft.leather":3,"stat.pickup.minecraft.feather":3,"stat.craftItem.minecraft.stone_pickaxe":2,"stat.mineBlock.minecraft.furnace":2,"stat.mineBlock.minecraft.torch":1,"stat.useItem.minecraft.wooden_pickaxe":6,"stat.craftItem.minecraft.cooked_beef":1,"stat.pickup.dungeontactics.bush_cherrybomb":2,"stat.mineBlock.dungeontactics.flower_bramble":1,"stat.pickup.minecraft.cobblestone":47,"stat.pickup.minecraft.planks":7,"stat.useItem.dungeontactics.cherry_bomb":9,"stat.killEntity.Llama":1,"stat.craftItem.minecraft.stone_sword":1,"stat.flyOneCm":194756,"tombstone:undead_killed":5,"stat.mineBlock.dungeontactics.bush_cherrybomb":2,"stat.pickup.minecraft.fish":1,"stat.useItem.minecraft.stone_pickaxe":58,"stat.useItem.minecraft.cooked_beef":1,"stat.pickup.explorercraft.lamb_shank":7,"stat.craftItem.minecraft.cooked_fish":1,"stat.pickup.quark.tallow":18,"stat.mineBlock.explorercraft.basalt":1,"stat.damageDealt":4099,"stat.sleepInBed":1,"stat.timeSinceDeath":15034,"stat.pickup.explorercraft.bamboo_log":13,"stat.killEntity.Cow":1,"stat.mineBlock.minecraft.dirt":17,"stat.pickup.mod_lavacow.intestine":1,"stat.craftItem.minecraft.wooden_pickaxe":1,"stat.killEntity.Pig":9,"stat.pickup.minecraft.mutton":7,"stat.walkOneCm":119237,"stat.craftItem.minecraft.bed":1,"stat.useItem.minecraft.torch":33,"stat.pickup.minecraft.stick":11,"stat.pickup.minecraft.iron_nugget":3,"stat.pickup.minecraft.crafting_table":4,"stat.entityKilledBy.grimoireofgaia.banshee":1,"stat.useItem.minecraft.cobblestone":11,"stat.craftItem.minecraft.crafting_table":1,"stat.furnaceInteraction":11,"stat.useItem.minecraft.cooked_porkchop":5,"stat.mineBlock.minecraft.coal_ore":18,"stat.pickup.mod_lavacow.mimic_claw":1,"stat.pickup.minecraft.log":24,"stat.useItem.minecraft.cooked_fish":1,"stat.killEntity.mod_lavacow.mimic":1,"stat.mineBlock.explorercraft.bamboo_log":1,"stat.pickup.minecraft.beef":1,"stat.pickup.minecraft.furnace":2,"stat.useItem.tombstone.gift":1,"stat.useItem.minecraft.yellow_flower":1,"stat.entityKilledBy.Skeleton":1,"stat.craftItem.minecraft.stone_slab2":0,"stat.craftItem.dungeontactics.stone_battleaxe":1,"stat.killEntity.grimoireofgaia.dullahan":1,"stat.pickup.minecraft.chicken":2,"stat.pickup.dynamictreesquark.blossomingseed":7,"stat.sprintOneCm":135596,"stat.pickup.minecraft.skull":2,"stat.craftItem.minecraft.stick":20,"stat.killEntity.Skeleton":2,"stat.drop.minecraft.pumpkin_seeds":1,"stat.craftItem.minecraft.planks":92,"stat.killEntity.grimoireofgaia.sludge_girl":1,"stat.craftItem.dungeontactics.stone_shield":1,"stat.killEntity.Chicken":2,"stat.mineBlock.minecraft.crafting_table":4,"stat.killEntity.Spider":1,"stat.pickup.minecraft.pumpkin_seeds":1,"stat.mobKills":28,"stat.pickup.dynamictrees.oakseed":6,"stat.craftItem.minecraft.wooden_door":3,"stat.craftItem.dungeontactics.wooden_shield":1,"stat.useItem.minecraft.wooden_door":1,"stat.mineBlock.minecraft.planks":9,"stat.deaths":2,"stat.useItem.dungeontactics.stone_cutlass":16,"stat.pickup.dungeontactics.flower_xp":1,"stat.drop":1,"stat.pickup.minecraft.beetroot_seeds":3,"stat.pickup.minecraft.egg":1,"stat.playOneMinute":58826,"stat.craftItem.dungeontactics.stone_cutlass":1,"stat.pickup.minecraft.torch":10,"stat.killEntity.Sheep":4,"stat.sneakTime":481,"stat.pickup.minecraft.slime_ball":3,"stat.pickup.minecraft.wool":4,"stat.killEntity.Zombie":2,"stat.pickup.minecraft.yellow_flower":8,"stat.mineBlock.minecraft.stone":42,"stat.mineBlock.minecraft.tallgrass":3,"stat.diveOneCm":6645}