{"stat.useItem.minecraft.bow":830,"stat.mineBlock.quark.roots_white_flower":1,"stat.mineBlock.explorercraft.basalt_cobblestone":48,"stat.leaveGame":17,"stat.drop.bountiful.bounty":5,"stat.pickup.tconstruct.edible":83,"stat.craftItem.explorercraft.amethyst_leggings":1,"stat.mineBlock.minecraft.sandstone":3,"stat.drop.minecraft.enchanted_book":2,"stat.pickup.grimoireofgaia.weapon_fan_fire":2,"stat.craftItem.minecraft.shield":5,"stat.mineBlock.minecraft.web":80,"stat.drop.dungeontactics.fire_starter":1,"stat.drop.minecraft.feather":2,"stat.pickup.minecraft.rotten_flesh":576,"stat.pickup.mod_lavacow.parasite_item":12,"stat.pickup.mod_lavacow.bonesword":1,"stat.useItem.explorercraft.basalt_cobblestone":63,"stat.useItem.minecraft.rail":2,"stat.mineBlock.futuremc.fletching_table":5,"stat.pickup.minecraft.leather_boots":6,"stat.pickup.netherex.wither_bone":1,"stat.useItem.dynamictrees.dirtbucket":1,"stat.pickup.minecraft.record_ward":1,"stat.pickup.dungeontactics.iron_cluster":137,"stat.pickup.grimoireofgaia.misc_fur":1,"stat.killEntity.grimoireofgaia.dwarf":3,"stat.killEntity.Witch":6,"stat.pickup.minecraft.mob_spawner":3,"stat.pickup.quark.tallow":9,"stat.craftItem.explorercraft.amethyst_chestplate":1,"stat.pickup.mod_lavacow.intestine":31,"stat.useItem.minecraft.iron_pickaxe":463,"stat.pickup.minecraft.stained_hardened_clay":3,"stat.useItem.minecraft.iron_shovel":198,"stat.drop.minecraft.cooked_mutton":4,"stat.craftItem.minecraft.bed":3,"stat.mineBlock.minecraft.vine":5,"stat.pickup.minecraft.record_far":2,"stat.pickup.artifacts.feral_claws":1,"stat.pickup.minecraft.wooden_shovel":2,"stat.furnaceInteraction":184,"stat.mineBlock.quark.slate":1,"stat.killEntity.grimoireofgaia.ender_eye":2,"stat.killEntity.ZombieVillager":2,"stat.useItem.grimoireofgaia.food_coalfish":1,"stat.craftItem.minecraft.leather_helmet":2,"stat.pickup.explorercraft.jade_boots":3,"stat.killEntity.mod_lavacow.mimic":3,"stat.pickup.minecraft.beef":128,"stat.pickup.minecraft.leather_helmet":10,"stat.mineBlock.minecraft.stained_hardened_clay":3,"stat.craftItem.futuremc.dye":3,"stat.entityKilledBy.grimoireofgaia.deathword":1,"stat.pickup.minecraft.potion":3,"stat.useItem.minecraft.wheat_seeds":1,"stat.pickup.grimoireofgaia.box_gold":2,"stat.pickup.minecraft.emerald":3,"stat.pickup.dynamictrees.oakseed":2,"stat.useItem.minecraft.dye":196,"stat.useItem.minecraft.beef":3,"stat.craftItem.conarm.travel_belt_base":1,"stat.deaths":26,"stat.pickup.minecraft.bowl":1,"stat.pickup.minecraft.egg":8,"stat.killEntity.mod_lavacow.avaton":1,"stat.pickup.minecraft.clock":2,"stat.craftItem.minecraft.iron_pickaxe":2,"stat.pickup.minecraft.glass_pane":1,"stat.craftItem.conarm.armorstation":1,"stat.drop.minecraft.glass_bottle":1,"stat.pickup.dungeontactics.flower_cinder":2,"stat.mineBlock.minecraft.tallgrass":84,"stat.fishCaught":2,"stat.craftItem.minecraft.cooked_mutton":12,"stat.pickup.dungeontactics.bag_food":12,"stat.pickup.minecraft.cooked_mutton":7,"stat.chestOpened":589,"stat.useItem.minecraft.lapis_ore":1,"stat.useItem.minecraft.cooked_rabbit":1,"stat.useItem.minecraft.splash_potion":1,"stat.craftItem.minecraft.mushroom_stew":1,"stat.killEntity.grimoireofgaia.orc":1,"stat.useItem.dungeontactics.bush_cherrybomb":1,"stat.useItem.minecraft.stone":386,"stat.pickup.minecraft.arrow":712,"stat.pickup.minecraft.iron_sword":3,"stat.pickup.dungeontactics.bag_ore":6,"stat.pickup.minecraft.lapis_ore":2,"stat.killEntity.grimoireofgaia.cecaelia":3,"stat.pickup.minecraft.gold_nugget":40,"stat.useItem.netherex.lively_netherrack":34,"stat.craftItem.dynamictrees.appleseed":1,"stat.craftItem.explorercraft.amethyst_sword":1,"stat.pickup.minecraft.carrot":4,"stat.drop.minecraft.stone_sword":2,"stat.crouchOneCm":36349,"stat.mineBlock.minecraft.chest":7,"stat.pickup.minecraft.rail":4,"stat.craftItem.minecraft.iron_ingot":125,"stat.killEntity.goat":2,"stat.useItem.mod_lavacow.mimic_claw_cooked":1,"stat.useItem.quark.root_flower":1,"stat.craftingTableInteraction":147,"stat.craftItem.tconstruct.pattern":19,"stat.pickup.minecraft.wooden_pickaxe":2,"stat.useItem.futuremc.sweet_berries":28,"stat.useItem.minecraft.reeds":41,"stat.pickup.minecraft.dye":58,"stat.pickup.minecraft.planks":117,"stat.pickup.minecraft.wheat_seeds":98,"stat.killEntity.grimoireofgaia.flesh_lich":1,"stat.killEntity.grimoireofgaia.anubis":1,"stat.craftItem.tconstruct.slime_congealed":8,"stat.mineBlock.minecraft.dirt":143,"stat.useItem.minecraft.bread":1,"stat.drop.minecraft.rotten_flesh":2,"stat.useItem.minecraft.cobblestone":503,"stat.useItem.minecraft.gravel":1,"stat.mineBlock.minecraft.double_plant":7,"stat.killEntity.grimoireofgaia.oni":6,"stat.pickup.tconstruct.pickaxe":1,"stat.useItem.dynamictrees.oakseed":2,"stat.pickup.explorercraft.amethyst_helmet":1,"stat.drop.minecraft.chicken":2,"stat.killEntity.goblin2":4,"stat.pickup.minecraft.iron_pickaxe":11,"stat.useItem.tconstruct.pickaxe":46,"stat.pickup.futuremc.blast_furnace":1,"stat.pickup.minecraft.chicken":2,"stat.pickup.minecraft.tipped_arrow":113,"stat.pickup.wearablebackpacks.backpack":1,"stat.useItem.minecraft.tallgrass":3,"stat.pickup.minecraft.apple":15,"stat.pickup.mod_lavacow.shattered_ice":1,"stat.drop.dynamictrees.oakseed":1,"stat.craftItem.minecraft.bucket":2,"stat.craftItem.minecraft.planks":440,"stat.useItem.minecraft.iron_sword":466,"stat.pickup.futuremc.cornflower":3,"stat.drop.futuremc.cornflower":1,"stat.pickup.minecraft.stone_sword":15,"stat.useItem.minecraft.stonebrick":45,"stat.pickup.minecraft.book":14,"stat.craftItem.minecraft.wooden_door":3,"stat.mineBlock.minecraft.log":52,"stat.useItem.minecraft.wooden_door":2,"stat.pickup.quark.stone_granite_slab":3,"stat.useItem.minecraft.spruce_door":2,"stat.pickup.dungeontactics.flower_xp":1,"stat.mineBlock.dungeontactics.dungeon_glass":2,"stat.pickup.dungeontactics.bag_quiver":15,"stat.craftItem.minecraft.paper":132,"stat.pickup.minecraft.red_flower":3,"stat.pickup.mod_lavacow.mimic_claw_cooked":2,"stat.pickup.minecraft.wool":14,"stat.useItem.minecraft.wooden_axe":2,"stat.craftItem.minecraft.spruce_door":3,"stat.useItem.explorercraft.dried_fruits":5,"stat.craftItem.tconstruct.slime":6,"stat.drop.scalinghealth.heartcontainer":2,"stat.useItem.mod_lavacow.reapers_scythe":322,"stat.killEntity.grimoireofgaia.banshee":2,"stat.useItem.minecraft.iron_axe":184,"stat.pickup.explorercraft.basalt_cobblestone":91,"stat.useItem.explorercraft.amethyst_pickaxe":761,"stat.mineBlock.minecraft.cobblestone":121,"stat.pickup.minecraft.stone_pickaxe":17,"stat.pickup.minecraft.flint":14,"stat.mineBlock.minecraft.yellow_flower":1,"stat.pickup.minecraft.leather_chestplate":18,"stat.craftItem.minecraft.wool":1,"stat.craftItem.endreborn.tool_hammer_iron":1,"stat.mineBlock.minecraft.stained_glass_pane":5,"stat.bountiesRare":3,"stat.pickup.minecraft.enchanted_book":23,"stat.pickup.minecraft.cooked_porkchop":6,"stat.useItem.minecraft.obsidian":1,"stat.useItem.minecraft.stone_slab2":393,"stat.pickup.minecraft.bow":47,"stat.pickup.minecraft.iron_boots":6,"stat.pickup.minecraft.stone_hoe":1,"stat.craftItem.minecraft.furnace":3,"stat.pickup.dungeontactics.iron_battleaxe":1,"stat.pickup.minecraft.golden_axe":10,"stat.useItem.minecraft.egg":7,"stat.craftItem.minecraft.spruce_boat":1,"stat.pickup.minecraft.pumpkin_pie":1,"stat.craftItem.minecraft.iron_boots":3,"stat.pickup.minecraft.coal_ore":26,"stat.craftItem.minecraft.cooked_beef":169,"stat.mineBlock.minecraft.obsidian":14,"stat.pickup.minecraft.record_chirp":3,"stat.craftItem.minecraft.bow":2,"stat.pickup.quark.black_ash":1,"stat.mineBlock.minecraft.clay":16,"stat.pickup.minecraft.diamond_hoe":1,"stat.pickup.futuremc.sweet_berries":114,"stat.flyOneCm":3634454,"stat.pickup.minecraft.sandstone":4,"stat.useItem.explorercraft.lamb_shank":1,"stat.pickup.minecraft.fish":2,"stat.timeSinceDeath":336388,"stat.pickup.minecraft.quartz_ore":3,"stat.pickup.dungeontactics.magic_scroll":10,"stat.killEntity.grimoireofgaia.chest":4,"stat.pickup.dungeontactics.silver_cluster":3,"stat.pickup.futuremc.smoker":1,"stat.craftItem.minecraft.iron_block":3,"stat.killEntity.Bat":3,"stat.killEntity.mod_lavacow.parasite":76,"stat.pickup.mod_lavacow.hyphae":2,"stat.pickup.dungeontactics.ration_standard":1,"stat.drop.minecraft.record_mellohi":1,"stat.mineBlock.dungeontactics.bush_incindiberry":1,"stat.pickup.minecraft.chainmail_helmet":7,"stat.craftItem.tconstruct.seared":20,"stat.pickup.minecraft.spruce_fence":4,"stat.craftItem.minecraft.chainmail_leggings":2,"stat.mineBlock.minecraft.coal_ore":276,"stat.useItem.dungeontactics.ration_iron":2,"stat.killEntity.Creeper":6,"stat.pickup.dungeontactics.flower_feather":1,"stat.pickup.minecraft.shield":6,"stat.talkedToVillager":104,"stat.pickup.minecraft.wooden_sword":16,"stat.craftItem.mod_lavacow.bonesword":1,"stat.pickup.minecraft.string":145,"stat.pickup.explorercraft.marble":137,"stat.pickup.artifacts.star_cloak":1,"stat.mineBlock.futuremc.composter":1,"stat.entityKilledBy.Skeleton":14,"stat.craftItem.tconstruct.tooltables":4,"stat.killEntity.Squid":1,"stat.sprintOneCm":994193,"stat.useItem.minecraft.diamond_shovel":2,"stat.mineBlock.minecraft.stone_slab":17,"stat.pickup.minecraft.bone_block":2,"stat.craftItem.minecraft.apple":36,"stat.useItem.dungeontactics.incindiberry":1,"stat.pickup.quark.elder_prismarine":1,"stat.mineBlock.dungeontactics.silver_ore":1,"stat.craftItem.dungeontactics.stone_shield":1,"stat.mineBlock.minecraft.diamond_ore":20,"stat.mineBlock.futuremc.grindstone":1,"stat.pickup.minecraft.leather_leggings":10,"stat.pickup.dungeontactics.ration_iron":3,"stat.pickup.minecraft.sugar":2,"stat.pickup.futuremc.fletching_table":5,"stat.craftItem.minecraft.leather_chestplate":3,"stat.pickup.dungeontactics.mortar&pestle":3,"stat.killEntity.mod_lavacow.ithaqua":1,"stat.drop.minecraft.golden_rail":4,"stat.craftItem.minecraft.emerald":21,"stat.killEntity.Zombie":295,"stat.craftItem.minecraft.dye":309,"stat.pickup.dungeontactics.magic_powder":2,"stat.mineBlock.minecraft.gold_ore":5,"stat.diveOneCm":299467,"stat.drop.dungeontactics.iron_battleaxe":1,"stat.drop.minecraft.diamond_pickaxe":2,"stat.craftItem.minecraft.slime_ball":54,"stat.pickup.minecraft.wheat":109,"stat.pickup.tconstruct.tooltables":2,"stat.mineBlock.minecraft.mossy_cobblestone":8,"stat.pickup.dungeontactics.magic_pouch":1,"stat.craftItem.minecraft.cooked_porkchop":9,"stat.pickup.minecraft.stone_axe":12,"stat.pickup.quark.glowshroom":4,"stat.bountiesUncommon":3,"stat.pickup.mod_lavacow.foul_bristle":6,"stat.pickup.minecraft.obsidian":14,"stat.pickup.mod_lavacow.scarecrowhead_straw":1,"stat.craftItem.explorercraft.lamb_shank_cooked":26,"stat.mineBlock.mod_lavacow.veil_shroom":1,"stat.useItem.minecraft.rotten_flesh":28,"stat.craftItem.minecraft.diamond_sword":1,"stat.jump":13720,"stat.useItem.minecraft.sand":2,"stat.pickup.minecraft.coal":292,"stat.pickup.minecraft.iron_ingot":109,"stat.pickup.dungeontactics.ducttape":6,"stat.mineBlock.futuremc.loom":2,"stat.drop.minecraft.diamond_sword":2,"stat.pickup.minecraft.gunpowder":10,"stat.drop.minecraft.wooden_sword":1,"stat.craftItem.minecraft.torch":620,"stat.drop.mod_lavacow.mimic_claw":2,"stat.pickup.dungeontactics.iron_cutlass":1,"stat.pickup.minecraft.dirt":445,"stat.useItem.minecraft.coal_ore":15,"stat.drop.futuremc.sweet_berries":49,"stat.mineBlock.minecraft.lapis_ore":4,"stat.pickup.minecraft.iron_axe":5,"stat.mineBlock.minecraft.glass_pane":8,"stat.damageTaken":49170,"stat.mineBlock.minecraft.torch":100,"stat.pickup.grimoireofgaia.box":1,"stat.killEntity.tconstruct.blueslime":59,"stat.mineBlock.minecraft.red_flower":2,"stat.tradedWithVillager":48,"stat.pickup.minecraft.magma_cream":1,"stat.pickup.minecraft.log2":11,"stat.drop.tconstruct.slimesling":1,"stat.pickup.minecraft.bed":31,"stat.pickup.minecraft.potato":4,"stat.pickup.dungeontactics.magic_tether":1,"stat.entityKilledBy.Zombie":2,"stat.mineBlock.explorercraft.basalt":35,"stat.killEntity.Silverfish":120,"stat.pickup.minecraft.record_wait":1,"stat.craftItem.minecraft.stone_slab":24,"stat.craftItem.quark.stone_granite_stairs":8,"stat.craftItem.tconstruct.smeltery_io":1,"stat.pickup.minecraft.diamond_pickaxe":5,"stat.useItem.minecraft.lava_bucket":5,"stat.pickup.mod_lavacow.mimic_claw":6,"stat.pickup.futuremc.grindstone":1,"stat.mineBlock.futuremc.smoker":1,"stat.mineBlock.netherex.gloomy_netherrack":1,"stat.pickup.explorercraft.amethyst_pickaxe":1,"stat.killEntity.mod_lavacow.zombiemushroom":3,"stat.craftItem.minecraft.iron_chestplate":3,"stat.pickup.minecraft.baked_potato":2,"stat.craftItem.endreborn.item_ingot_endorium":2,"stat.pickup.scalinghealth.heartcontainer":28,"stat.pickup.bountiful.bounty":6,"stat.mineBlock.scalinghealth.crystalore":4,"stat.pickup.minecraft.ender_pearl":18,"stat.pickup.explorercraft.dried_fruits":12,"stat.pickup.minecraft.cooked_beef":25,"stat.useItem.minecraft.netherrack":1,"stat.pickup.grimoireofgaia.bag_book":2,"stat.pickup.dynamictrees.cactusseed":1,"stat.mineBlock.minecraft.stonebrick":332,"stat.mineBlock.netherex.lively_netherrack":285,"stat.killEntity.grimoireofgaia.harpy":7,"stat.pickup.minecraft.dark_oak_stairs":1,"stat.mobKills":1325,"stat.pickup.minecraft.diamond_boots":3,"stat.mineBlock.minecraft.bookshelf":1,"stat.craftItem.minecraft.shears":2,"stat.useItem.minecraft.mossy_cobblestone":7,"stat.pickup.minecraft.diamond":18,"stat.pickup.minecraft.beetroot_seeds":8,"stat.drop.futuremc.lily_of_the_valley":7,"stat.bountiesCompleted":16,"stat.pickup.minecraft.torch":207,"stat.entityKilledBy.Silverfish":2,"stat.pickup.dungeontactics.fish_tunnel":1,"stat.drop.quark.glowshroom":2,"stat.pickup.minecraft.spruce_boat":3,"stat.killEntity.grimoireofgaia.cyclops":2,"stat.craftItem.minecraft.chainmail_boots":1,"stat.drop.minecraft.mutton":1,"stat.pickup.mod_lavacow.kings_crown":2,"stat.pickup.dungeontactics.bag_magic":5,"stat.craftItem.endreborn.item_raw_endorium":10,"stat.pickup.minecraft.record_stal":2,"stat.craftItem.dungeontactics.coal_dust":3,"stat.useItem.mod_lavacow.parasite_item":1,"stat.pickup.grimoireofgaia.misc_soul_fire":9,"stat.craftItem.minecraft.iron_axe":2,"stat.drop.mod_lavacow.kings_crown":1,"stat.pickup.dungeontactics.cherry_bomb":46,"stat.killEntity.Blaze":1,"stat.useItem.explorercraft.amethyst_sword":234,"stat.pickup.mod_lavacow.cursed_fabric":33,"stat.drop.minecraft.shield":1,"stat.pickup.minecraft.fishing_rod":1,"stat.pickup.dungeontactics.fire_starter":1,"stat.pickup.dungeontactics.flower_sanguine":7,"stat.useItem.minecraft.planks":143,"stat.pickup.minecraft.golden_boots":8,"stat.drop.dynamictrees.birchseed":1,"stat.pickup.minecraft.glowstone_dust":5,"stat.drop.explorercraft.lamb_shank":1,"stat.drop.minecraft.bowl":1,"stat.pickup.minecraft.porkchop":9,"stat.useItem.minecraft.water_bucket":176,"stat.mineBlock.minecraft.stone_brick_stairs":12,"stat.pickup.minecraft.sand":192,"stat.useItem.dungeontactics.fire_starter":1,"stat.entityKilledBy.Spider":1,"stat.pickup.minecraft.splash_potion":2,"stat.pickup.minecraft.name_tag":5,"stat.craftItem.tconstruct.casting":2,"stat.mineBlock.explorercraft.marble":144,"stat.craftItem.minecraft.stone_sword":7,"stat.pickup.dynamictrees.spruceseed":22,"stat.pickup.minecraft.chainmail_chestplate":9,"stat.mineBlock.minecraft.sand":71,"stat.craftItem.minecraft.slime":6,"stat.drop.dynamictrees.spruceseed":5,"stat.drop.minecraft.golden_sword":1,"stat.craftItem.dungeontactics.iron_cutlass":3,"stat.pickup.grimoireofgaia.box_iron":3,"stat.pickup.dungeontactics.bush_incindiberry":1,"stat.useItem.quark.stone_granite_stairs":3,"stat.craftItem.wearablebackpacks.backpack":1,"stat.pickup.mod_lavacow.ectoplasm":18,"stat.mineBlock.minecraft.dark_oak_stairs":1,"stat.mineBlock.futuremc.cornflower":1,"stat.pickup.grimoireofgaia.food_coalfish":2,"stat.entityKilledBy.grimoireofgaia.harpy":1,"stat.drop.minecraft.stone_slab":1,"stat.pickup.mod_lavacow.undyingheart":1,"stat.pickup.moremobss.vampirefang":2,"stat.useItem.dynamictrees.birchseed":1,"stat.pickup.minecraft.furnace":10,"stat.useItem.minecraft.cooked_mutton":15,"stat.drop.minecraft.diamond_helmet":1,"stat.pickup.mod_lavacow.banshee_vocal_cord":2,"stat.pickup.minecraft.iron_chestplate":2,"stat.pickup.minecraft.skull":22,"stat.drop.minecraft.record_stal":1,"stat.craftItem.quark.arrow_torch":31,"stat.mineBlock.dungeontactics.flower_xp":1,"stat.useItem.minecraft.pumpkin_pie":1,"stat.pickup.minecraft.pumpkin_seeds":4,"stat.mineBlock.quark.stone_granite_slab":3,"stat.pickup.mod_lavacow.reapers_scythe":3,"stat.pickup.endreborn.tool_sword_endorium":3,"stat.pickup.mod_lavacow.veil_shroom":1,"stat.craftItem.quark.arrow_ender":1,"stat.playOneMinute":1282756,"stat.drop.minecraft.string":2,"stat.drop.dungeontactics.magic_pouch":1,"stat.mineBlock.quark.stone_granite_stairs":2,"stat.pickup.minecraft.iron_bars":3,"stat.pickup.dungeontactics.fish_lava":1,"stat.pickup.minecraft.netherrack":209,"stat.killEntity.mod_lavacow.raven":4,"stat.pickup.minecraft.spruce_door":1,"stat.killEntity.quark:crab":1,"stat.pickup.tconstruct.casting":3,"stat.mineBlock.minecraft.netherrack":209,"stat.useItem.dungeontactics.iron_cutlass":524,"stat.pickup.endreborn.block_entropy_end_stone":1,"stat.pickup.minecraft.cooked_chicken":1,"stat.fallOneCm":247638,"stat.drop.minecraft.stone":1,"stat.drop.minecraft.dye":1,"stat.pickup.minecraft.melon_seeds":4,"stat.pickup.quark.slate":1,"stat.pickup.dungeontactics.stone_plate_greaves":1,"stat.craftItem.minecraft.chest":7,"stat.pickup.dungeontactics.bag_potion":5,"stat.pickup.minecraft.golden_leggings":2,"stat.pickup.minecraft.melon":1,"stat.useItem.endreborn.tool_sword_endorium":6,"stat.pickup.mod_lavacow.scythe_claw":5,"stat.pickup.minecraft.milk_bucket":1,"stat.pickup.minecraft.feather":12,"stat.mineBlock.quark.elder_prismarine":1,"stat.craftItem.dynamictrees.dirtbucket":2,"stat.useItem.minecraft.furnace":3,"stat.pickup.dungeontactics.bush_cherrybomb":2,"stat.drop.antiqueatlas.antique_atlas":3,"stat.craftItem.tconstruct.materials":120,"stat.pickup.antiqueatlas.antique_atlas":4,"stat.drop.mod_lavacow.feather_black":1,"stat.killEntity.Llama":3,"stat.mineBlock.minecraft.spruce_fence":1,"stat.pickup.minecraft.iron_leggings":1,"stat.craftItem.dungeontactics.fire_starter":1,"stat.mineBlock.minecraft.gravel":79,"stat.useItem.minecraft.stone_pickaxe":684,"stat.craftItem.tconstruct.seared_tank":1,"stat.craftItem.minecraft.iron_leggings":3,"stat.useItem.minecraft.stone_sword":569,"stat.killEntity.grimoireofgaia.bone_knight":1,"stat.useItem.minecraft.wool":1,"stat.pickup.minecraft.redstone_ore":7,"stat.pickup.minecraft.chainmail_boots":3,"stat.craftItem.minecraft.leather":134,"stat.drop.minecraft.iron_axe":1,"stat.pickup.minecraft.record_13":1,"stat.mineBlock.minecraft.monster_egg":36,"stat.useItem.minecraft.torch":745,"stat.pickup.minecraft.golden_apple":1,"stat.drop.minecraft.stone_brick_stairs":4,"stat.pickup.minecraft.iron_nugget":55,"stat.pickup.minecraft.crafting_table":22,"stat.craftItem.minecraft.crafting_table":15,"stat.killEntity.grimoireofgaia.arachne":1,"stat.mineBlock.quark.stone_speleothem":10,"stat.pickup.minecraft.log":136,"stat.drop.minecraft.stonebrick":12,"stat.drop.mod_lavacow.reapers_scythe":2,"stat.craftItem.dungeontactics.mortar&pestle":1,"stat.pickup.minecraft.tallgrass":2,"stat.drop.minecraft.planks":12,"stat.killEntity.grimoireofgaia.nine_tails":5,"stat.pickup.minecraft.chainmail_leggings":13,"stat.pickup.minecraft.sapling":6,"stat.pickup.minecraft.wooden_door":5,"stat.pickup.dungeontactics.bag_tool":8,"stat.drop.minecraft.melon_seeds":1,"stat.craftItem.tconstruct.smeltery_controller":1,"stat.pickup.minecraft.beetroot":2,"stat.useItem.grimoireofgaia.weapon_fan_fire":35,"stat.pickup.futuremc.composter":1,"stat.pickup.minecraft.diamond_helmet":2,"stat.killEntity.WitherSkeleton":2,"stat.pickup.minecraft.golden_sword":1,"stat.useItem.dungeontactics.ration_standard":1,"stat.craftItem.dungeontactics.iron_shield":1,"stat.craftItem.minecraft.golden_boots":1,"stat.sneakTime":22482,"stat.pickup.minecraft.rabbit":1,"stat.drop.minecraft.bucket":1,"stat.useItem.minecraft.baked_potato":2,"stat.pickup.minecraft.stone_slab":19,"stat.pickup.minecraft.yellow_flower":2,"stat.pickup.minecraft.golden_rail":8,"stat.killEntity.grimoireofgaia.minotaurus":6,"stat.useItem.minecraft.fishing_rod":8,"stat.pickup.minecraft.chest":6,"stat.craftItem.minecraft.enchanting_table":1,"stat.craftItem.minecraft.leather_leggings":2,"stat.drop.minecraft.stone_pickaxe":2,"stat.pickup.minecraft.bone":672,"stat.useItem.minecraft.mushroom_stew":2,"stat.pickup.dungeontactics.bag_mystery":6,"stat.horseOneCm":6049,"stat.pickup.netherex.lively_netherrack":285,"stat.mineBlock.endreborn.block_entropy_end_stone":3,"stat.drop.minecraft.leather_helmet":1,"stat.craftItem.tconstruct.faucet":1,"stat.useItem.minecraft.diamond_sword":800,"stat.craftItem.tconstruct.slimesling":2,"stat.swimOneCm":1060057,"stat.climbOneCm":4574,"stat.mineBlock.quark.roots":3,"stat.drop.endreborn.tool_sword_endorium":1,"stat.useItem.minecraft.dirt":302,"stat.pickup.minecraft.golden_helmet":4,"stat.killEntity.goblin":4,"stat.pickup.moremobss.goatwool":2,"stat.useItem.minecraft.red_flower":1,"stat.pickup.minecraft.cooked_rabbit":2,"stat.killEntity.artifacts.mimic":2,"stat.craftItem.minecraft.bone_block":2,"stat.pickup.minecraft.anvil":3,"stat.useItem.minecraft.golden_pickaxe":15,"stat.craftItem.minecraft.stone_pickaxe":6,"stat.pickup.minecraft.cobblestone":757,"stat.bountiesCommon":9,"stat.pickup.minecraft.glass_bottle":1,"stat.pickup.dungeontactics.flower_fade":2,"stat.killEntity.ZombieHorse":2,"stat.mineBlock.quark.custom_chest":4,"stat.drop.minecraft.wheat_seeds":3,"stat.useItem.minecraft.cooked_beef":110,"stat.pickup.explorercraft.lamb_shank":33,"stat.pickup.minecraft.cactus":3,"stat.pickup.dungeontactics.gold_cluster":5,"stat.pickup.minecraft.golden_pickaxe":2,"stat.drop.minecraft.clay_ball":2,"stat.pickup.minecraft.redstone":21,"stat.mineBlock.minecraft.iron_ore":141,"stat.craftItem.minecraft.book":44,"stat.pickup.minecraft.mutton":20,"stat.pickup.minecraft.mossy_cobblestone":13,"stat.pickup.dungeontactics.throwing_knife":16,"stat.drop.minecraft.coal":2,"stat.pickup.minecraft.wooden_axe":19,"stat.pickup.dungeontactics.mushroom_iron":1,"stat.drop.minecraft.golden_boots":1,"stat.pickup.minecraft.stonebrick":450,"stat.drop.minecraft.dirt":1,"stat.useItem.minecraft.cooked_porkchop":31,"stat.pickup.minecraft.iron_shovel":3,"stat.pickup.minecraft.diamond_shovel":1,"stat.drop.dungeontactics.fish_swift":1,"stat.craftItem.tconstruct.soil":120,"stat.useItem.mod_lavacow.bonesword":45,"stat.pickup.quark.stone_granite_stairs":2,"stat.craftItem.tconstruct.slime_boots":2,"stat.craftItem.minecraft.stone_slab2":0,"stat.useItem.minecraft.golden_axe":32,"stat.pickup.conarm.travel_belt":2,"stat.mineBlock.futuremc.blast_furnace":1,"stat.pickup.mod_lavacow.parasite_item_cooked":1,"stat.craftItem.minecraft.stick":112,"stat.useItem.minecraft.stone_slab":26,"stat.craftItem.minecraft.stone":4,"stat.craftItem.conarm.travel_belt":1,"stat.mineBlock.minecraft.crafting_table":22,"stat.drop.minecraft.leaves":1,"stat.useItem.minecraft.diamond_pickaxe":950,"stat.killEntity.magmasnail":1,"stat.killEntity.Endermite":1,"stat.pickup.dungeontactics.bag_arbour":10,"stat.pickup.explorercraft.amethyst_leggings":1,"stat.craftItem.dungeontactics.wooden_shield":1,"stat.mineBlock.minecraft.planks":57,"stat.drop":101,"stat.killEntity.Sheep":12,"stat.drop.dungeontactics.stone_plate_greaves":1,"stat.useItem.tconstruct.seared":17,"stat.pickup.minecraft.slime_ball":56,"stat.pickup.minecraft.golden_chestplate":7,"stat.craftItem.minecraft.diamond_pickaxe":1,"stat.drop.minecraft.bread":1,"stat.craftItem.minecraft.clay":16,"stat.craftItem.mod_lavacow.reapers_scythe":1,"stat.killEntity.vampire":2,"stat.drop.minecraft.wooden_pickaxe":1,"stat.pickup.minecraft.gravel":70,"stat.useItem.explorercraft.lamb_shank_cooked":25,"stat.mineBlock.minecraft.anvil":3,"stat.mineBlock.dungeontactics.stonequartz_ore":5,"stat.useItem.minecraft.potion":1,"stat.pickup.dungeontactics.bag_record":10,"stat.pickup.minecraft.stone_brick_stairs":15,"stat.craftItem.endreborn.tool_sword_endorium":1,"stat.pickup.minecraft.diamond_sword":4,"stat.killEntity.SkeletonHorse":1,"stat.pickup.minecraft.iron_helmet":6,"stat.pickup.scalinghealth.crystalshard":4,"stat.useItem.minecraft.stone_axe":48,"stat.craftItem.minecraft.bread":3,"stat.pickup.minecraft.spider_eye":20,"stat.craftItem.minecraft.iron_helmet":5,"stat.pickup.minecraft.diamond_ore":4,"stat.drop.dungeontactics.ducttape":4,"stat.useItem.minecraft.cooked_chicken":1,"stat.pickup.explorercraft.amethyst":4,"stat.pickup.mod_lavacow.glowshroom":1,"stat.pickup.futuremc.loom":2,"stat.boatOneCm":175544,"stat.mineBlock.minecraft.iron_bars":3,"stat.mineBlock.tconstruct.tooltables":2,"stat.pickup.minecraft.leaves":131,"stat.useItem.explorercraft.marble":92,"stat.pickup.quark.custom_chest":5,"stat.mineBlock.explorercraft.amethyst_ore":4,"stat.pickup.minecraft.leather":76,"stat.pickup.dungeontactics.iron_shield":3,"stat.mineBlock.minecraft.furnace":9,"stat.entityKilledBy.grimoireofgaia.nine_tails":2,"stat.dispenserInspected":3,"stat.mineBlock.dungeontactics.flower_cinder":2,"stat.pickup.mod_lavacow.chitin":6,"stat.useItem.dungeontactics.cherry_bomb":43,"stat.pickup.minecraft.reeds":175,"stat.pickup.dungeontactics.bag_book":7,"stat.killEntity.CaveSpider":7,"stat.pickup.dungeontactics.incindiberry":1,"stat.pickup.tconstruct.materials":1,"stat.pickup.minecraft.oak_stairs":1,"stat.damageDealt":338676,"stat.craftItem.minecraft.glass":1,"stat.sleepInBed":37,"stat.craftItem.minecraft.anvil":1,"stat.bountiesEpic":1,"stat.killEntity.Cow":41,"stat.killEntity.Pig":5,"stat.pickup.netherex.gloomy_netherrack":1,"stat.craftItem.minecraft.iron_sword":2,"stat.walkOneCm":2741555,"stat.useItem.quark.custom_chest":5,"stat.pickup.minecraft.stick":55,"stat.craftItem.quark.custom_chest":9,"stat.pickup.minecraft.spectral_arrow":18,"stat.pickup.minecraft.clay_ball":74,"stat.killEntity.quark:stoneling":1,"stat.useItem.minecraft.spruce_boat":3,"stat.killEntity.mod_lavacow.mummy":3,"stat.mineBlock.dungeontactics.mushroom_iron":1,"stat.pickup.dungeontactics.fish_obsidian":2,"stat.pickup.mod_lavacow.feather_black":2,"stat.mineBlock.dungeontactics.flower_sanguine":6,"stat.useItem.scalinghealth.heartcontainer":28,"stat.pickup.quark.root_flower":2,"stat.pickup.dungeontactics.fish_swift":2,"stat.entityKilledBy.grimoireofgaia.minotaurus":2,"stat.pickup.minecraft.stone":504,"stat.killEntity.grimoireofgaia.dullahan":3,"stat.mineBlock.minecraft.wool":1,"stat.useItem.minecraft.leaves":1,"stat.pickup.minecraft.gold_ingot":27,"stat.killEntity.Skeleton":370,"stat.pickup.minecraft.record_mellohi":1,"stat.pickup.explorercraft.ruby_horse_armor":1,"stat.pickup.mod_lavacow.sharptooth":6,"stat.killEntity.Chicken":2,"stat.killEntity.Spider":46,"stat.pickup.minecraft.bread":5,"stat.pickup.minecraft.quartz":5,"stat.killEntity.mod_lavacow.scarecrow":3,"stat.useItem.minecraft.golden_apple":2,"stat.killEntity.mod_lavacow.banshee":5,"stat.pickup.minecraft.water_bucket":2,"stat.mineBlock.minecraft.leaves":2,"stat.mineBlock.minecraft.redstone_ore":3,"stat.mineBlock.tconstruct.casting":2,"stat.useItem.dungeontactics.iron_battleaxe":454,"stat.mineBlock.minecraft.bone_block":2,"stat.killEntity.quark:ashen":2,"stat.mineBlock.minecraft.stone":1034,"stat.useItem.minecraft.sandstone":1}