{"stat.chestOpened":20,"stat.killEntity.vampire":2,"stat.pickup.minecraft.bone":7,"stat.useItem.minecraft.iron_axe":3,"stat.leaveGame":2,"stat.pickup.minecraft.arrow":3,"stat.useItem.explorercraft.amethyst_pickaxe":20,"stat.useItem.explorercraft.lamb_shank_cooked":2,"stat.pickup.grimoireofgaia.misc_soul_fire":1,"stat.pickup.dungeontactics.cherry_bomb":5,"stat.pickup.minecraft.gold_nugget":7,"stat.craftItem.explorercraft.lamb_shank_cooked":5,"stat.craftItem.minecraft.wool":1,"stat.swimOneCm":33536,"stat.jump":496,"stat.pickup.minecraft.coal":2,"stat.pickup.minecraft.iron_helmet":1,"stat.fallOneCm":15099,"stat.useItem.minecraft.planks":6,"stat.climbOneCm":551,"stat.pickup.minecraft.iron_ingot":14,"stat.drop.dynamictrees.birchseed":1,"stat.pickup.quark.slate":1,"stat.pickup.minecraft.porkchop":8,"stat.pickup.dungeontactics.stone_plate_greaves":1,"stat.crouchOneCm":875,"stat.craftItem.minecraft.torch":8,"stat.pickup.minecraft.dirt":51,"stat.useItem.minecraft.dirt":10,"stat.useItem.minecraft.stone_slab2":10,"stat.pickup.minecraft.bow":2,"stat.craftingTableInteraction":14,"stat.craftItem.minecraft.furnace":1,"stat.pickup.minecraft.iron_axe":1,"stat.damageTaken":1446,"stat.pickup.minecraft.leather":3,"stat.mineBlock.minecraft.furnace":1,"stat.entityKilledBy.grimoireofgaia.nine_tails":1,"stat.pickup.minecraft.cobblestone":13,"stat.pickup.minecraft.log2":2,"stat.pickup.minecraft.leather_boots":1,"stat.useItem.dungeontactics.cherry_bomb":5,"stat.killEntity.Llama":3,"stat.flyOneCm":60688,"stat.pickup.dynamictrees.spruceseed":4,"stat.pickup.grimoireofgaia.misc_fur":1,"stat.killEntity.grimoireofgaia.dwarf":3,"stat.useItem.minecraft.cooked_beef":3,"stat.pickup.explorercraft.lamb_shank":5,"stat.pickup.quark.tallow":5,"stat.damageDealt":10100,"stat.drop.dynamictrees.spruceseed":4,"stat.sleepInBed":3,"stat.timeSinceDeath":21422,"stat.mineBlock.minecraft.dirt":5,"stat.killEntity.Pig":4,"stat.pickup.minecraft.mutton":4,"stat.pickup.grimoireofgaia.box_iron":2,"stat.walkOneCm":84181,"stat.craftItem.minecraft.bed":1,"stat.useItem.minecraft.torch":7,"stat.pickup.minecraft.stick":3,"stat.pickup.minecraft.iron_nugget":12,"stat.pickup.minecraft.crafting_table":4,"stat.craftItem.minecraft.crafting_table":1,"stat.furnaceInteraction":7,"stat.mineBlock.quark.slate":1,"stat.killEntity.grimoireofgaia.oni":4,"stat.mineBlock.minecraft.coal_ore":2,"stat.useItem.dynamictrees.oakseed":2,"stat.talkedToVillager":9,"stat.pickup.minecraft.log":2,"stat.useItem.dynamictrees.birchseed":1,"stat.killEntity.goblin2":1,"stat.pickup.minecraft.furnace":1,"stat.craftItem.minecraft.stone_slab2":0,"stat.sprintOneCm":45862,"stat.pickup.minecraft.skull":2,"stat.craftItem.minecraft.stick":16,"stat.pickup.minecraft.gold_ingot":8,"stat.killEntity.Skeleton":4,"stat.pickup.grimoireofgaia.bag_book":1,"stat.drop.dynamictrees.oakseed":1,"stat.craftItem.minecraft.planks":64,"stat.useItem.minecraft.iron_sword":7,"stat.craftItem.dungeontactics.stone_shield":1,"stat.mineBlock.minecraft.crafting_table":4,"stat.pickup.grimoireofgaia.box_gold":1,"stat.pickup.dungeontactics.bag_arbour":1,"stat.mobKills":31,"stat.pickup.minecraft.leather_leggings":1,"stat.craftItem.dungeontactics.wooden_shield":1,"stat.deaths":1,"stat.drop":8,"stat.drop.futuremc.lily_of_the_valley":7,"stat.craftItem.dungeontactics.iron_shield":1,"stat.playOneMinute":47184,"stat.pickup.minecraft.torch":1,"stat.killEntity.Sheep":3,"stat.drop.dungeontactics.stone_plate_greaves":1,"stat.sneakTime":555,"stat.pickup.minecraft.wool":3,"stat.useItem.dungeontactics.iron_battleaxe":111,"stat.pickup.minecraft.golden_chestplate":2,"stat.killEntity.Zombie":3,"stat.killEntity.grimoireofgaia.cyclops":2,"stat.mineBlock.minecraft.stone":14,"stat.diveOneCm":30833}