{"stat.walkOneCm":27111,"stat.craftItem.minecraft.bed":1,"stat.pickup.minecraft.bone":1,"stat.leaveGame":1,"stat.useItem.explorercraft.amethyst_pickaxe":3,"stat.pickup.minecraft.crafting_table":1,"stat.craftItem.minecraft.crafting_table":1,"stat.mineBlock.quark.slate":1,"stat.mineBlock.minecraft.coal_ore":2,"stat.pickup.minecraft.gold_nugget":7,"stat.useItem.dynamictrees.oakseed":2,"stat.swimOneCm":11064,"stat.jump":240,"stat.useItem.dynamictrees.birchseed":1,"stat.pickup.minecraft.coal":2,"stat.fallOneCm":9394,"stat.useItem.minecraft.planks":6,"stat.drop.dynamictrees.birchseed":1,"stat.pickup.quark.slate":1,"stat.pickup.minecraft.porkchop":8,"stat.pickup.dungeontactics.stone_plate_greaves":1,"stat.crouchOneCm":749,"stat.craftItem.minecraft.torch":8,"stat.pickup.minecraft.dirt":5,"stat.useItem.minecraft.dirt":7,"stat.sprintOneCm":19690,"stat.useItem.minecraft.stone_slab2":6,"stat.pickup.minecraft.gold_ingot":8,"stat.craftingTableInteraction":4,"stat.killEntity.Skeleton":1,"stat.pickup.grimoireofgaia.bag_book":1,"stat.drop.dynamictrees.oakseed":1,"stat.damageTaken":709,"stat.pickup.minecraft.leather":3,"stat.mineBlock.minecraft.crafting_table":1,"stat.pickup.grimoireofgaia.box_gold":1,"stat.mobKills":14,"stat.killEntity.Llama":3,"stat.flyOneCm":27126,"stat.pickup.dynamictrees.spruceseed":4,"stat.drop":8,"stat.killEntity.grimoireofgaia.dwarf":3,"stat.drop.futuremc.lily_of_the_valley":7,"stat.playOneMinute":19238,"stat.killEntity.Sheep":3,"stat.useItem.minecraft.cooked_beef":3,"stat.pickup.explorercraft.lamb_shank":5,"stat.drop.dungeontactics.stone_plate_greaves":1,"stat.sneakTime":437,"stat.pickup.minecraft.wool":3,"stat.pickup.quark.tallow":5,"stat.useItem.dungeontactics.iron_battleaxe":54,"stat.damageDealt":4621,"stat.pickup.minecraft.golden_chestplate":2,"stat.drop.dynamictrees.spruceseed":4,"stat.sleepInBed":2,"stat.timeSinceDeath":19238,"stat.killEntity.Pig":4,"stat.diveOneCm":1991,"stat.pickup.minecraft.mutton":4}