{"stat.chestOpened":3,"stat.walkOneCm":58716,"stat.useItem.minecraft.torch":1,"stat.pickup.minecraft.stick":11,"stat.pickup.minecraft.iron_nugget":2,"stat.pickup.explorercraft.basalt_cobblestone":1,"stat.pickup.minecraft.crafting_table":4,"stat.craftItem.minecraft.cooked_porkchop":8,"stat.useItem.minecraft.cobblestone":9,"stat.craftItem.minecraft.crafting_table":1,"stat.furnaceInteraction":10,"stat.mineBlock.minecraft.yellow_flower":9,"stat.useItem.minecraft.cooked_porkchop":1,"stat.pickup.dungeontactics.cherry_bomb":11,"stat.mineBlock.minecraft.coal_ore":17,"stat.useItem.dungeontactics.stone_battleaxe":18,"stat.pickup.minecraft.log":24,"stat.useItem.minecraft.rotten_flesh":1,"stat.useItem.minecraft.cooked_fish":1,"stat.jump":472,"stat.swimOneCm":8142,"stat.pickup.minecraft.coal":17,"stat.fallOneCm":8031,"stat.useItem.minecraft.planks":46,"stat.climbOneCm":8,"stat.pickup.minecraft.beef":1,"stat.pickup.minecraft.furnace":2,"stat.useItem.minecraft.yellow_flower":1,"stat.useItem.minecraft.stone_axe":18,"stat.craftItem.minecraft.stone_slab2":0,"stat.pickup.minecraft.porkchop":11,"stat.craftItem.dungeontactics.stone_battleaxe":1,"stat.crouchOneCm":856,"stat.craftItem.minecraft.chest":1,"stat.craftItem.minecraft.torch":22,"stat.pickup.dynamictreesquark.blossomingseed":7,"stat.pickup.minecraft.dirt":12,"stat.useItem.minecraft.dirt":6,"stat.sprintOneCm":63035,"stat.useItem.minecraft.stone_slab2":15,"stat.killEntity.Piranha":1,"stat.pickup.minecraft.skull":1,"stat.craftItem.minecraft.stick":20,"stat.craftingTableInteraction":10,"stat.pickup.minecraft.rotten_flesh":1,"stat.craftItem.minecraft.furnace":1,"stat.craftItem.minecraft.planks":92,"stat.pickup.dungeontactics.flower_bramble":2,"stat.killEntity.grimoireofgaia.sludge_girl":1,"stat.craftItem.minecraft.stone_axe":1,"stat.damageTaken":757,"stat.mineBlock.minecraft.crafting_table":4,"stat.pickup.minecraft.leather":1,"stat.craftItem.minecraft.stone_pickaxe":2,"stat.mineBlock.minecraft.furnace":2,"stat.useItem.minecraft.wooden_pickaxe":6,"stat.craftItem.minecraft.cooked_beef":1,"stat.pickup.dungeontactics.bush_cherrybomb":2,"stat.mineBlock.dungeontactics.flower_bramble":1,"stat.pickup.minecraft.cobblestone":38,"stat.mobKills":14,"stat.pickup.dynamictrees.oakseed":6,"stat.pickup.minecraft.planks":7,"stat.useItem.dungeontactics.cherry_bomb":7,"stat.flyOneCm":87517,"stat.mineBlock.minecraft.planks":9,"tombstone:undead_killed":1,"stat.pickup.dungeontactics.flower_xp":1,"stat.mineBlock.dungeontactics.bush_cherrybomb":2,"stat.playOneMinute":34526,"stat.pickup.minecraft.fish":1,"stat.useItem.minecraft.stone_pickaxe":48,"stat.useItem.minecraft.cooked_beef":1,"stat.sneakTime":359,"stat.pickup.minecraft.slime_ball":1,"stat.craftItem.minecraft.cooked_fish":1,"stat.pickup.quark.tallow":17,"stat.mineBlock.explorercraft.basalt":1,"stat.damageDealt":1832,"stat.killEntity.Zombie":1,"stat.timeSinceDeath":34526,"stat.killEntity.Cow":1,"stat.pickup.minecraft.yellow_flower":8,"stat.mineBlock.minecraft.dirt":13,"stat.craftItem.minecraft.wooden_pickaxe":1,"stat.mineBlock.minecraft.stone":34,"stat.killEntity.Pig":9,"stat.mineBlock.minecraft.tallgrass":2,"stat.diveOneCm":1046}