{"stat.useItem.minecraft.bow":1252,"stat.mineBlock.quark.roots_white_flower":1,"stat.mineBlock.explorercraft.basalt_cobblestone":17,"stat.pickup.weeping-angels.kontron_ingot":17,"stat.leaveGame":8,"stat.pickup.dungeontactics.nethergold_ore":1,"stat.mineBlock.minecraft.web":29,"stat.drop.minecraft.feather":1,"stat.pickup.minecraft.rotten_flesh":180,"stat.pickup.mod_lavacow.parasite_item":1,"stat.useItem.explorercraft.basalt_cobblestone":58,"stat.useItem.dungeontactics.iron_knife":11,"stat.pickup.minecraft.bucket":2,"stat.pickup.minecraft.leather_boots":4,"stat.pickup.dungeontactics.iron_cluster":282,"stat.killEntity.Witch":3,"stat.pickup.quark.tallow":41,"stat.useItem.minecraft.iron_pickaxe":849,"stat.pickup.mod_lavacow.intestine":12,"stat.craftItem.minecraft.wooden_pickaxe":1,"stat.craftItem.minecraft.glass_pane":16,"stat.mineBlock.minecraft.vine":1,"stat.pickup.minecraft.wooden_shovel":1,"stat.furnaceInteraction":202,"stat.useItem.explorercraft.jade_axe":136,"stat.mineBlock.quark.slate":175,"stat.drop.minecraft.red_flower":1,"stat.killEntity.mod_lavacow.mimic":6,"stat.pickup.minecraft.beef":35,"stat.craftItem.explorercraft.jade_axe":1,"stat.pickup.minecraft.leather_helmet":3,"stat.craftItem.futuremc.dye":1,"stat.pickup.minecraft.potion":2,"stat.mineBlock.weeping-angels.kontron_ore":9,"stat.pickup.minecraft.emerald":10,"stat.pickup.dynamictrees.oakseed":1,"stat.deaths":23,"stat.pickup.minecraft.egg":8,"stat.craftItem.minecraft.iron_pickaxe":4,"stat.drop.minecraft.torch":47,"stat.drop.minecraft.glass_bottle":1,"stat.craftItem.minecraft.cooked_mutton":23,"stat.mineBlock.minecraft.tallgrass":12,"stat.pickup.dungeontactics.bag_food":3,"stat.pickup.minecraft.cooked_mutton":24,"stat.useItem.mod_lavacow.parasite_item_cooked":1,"stat.chestOpened":528,"stat.useItem.minecraft.splash_potion":1,"stat.useItem.dungeontactics.bush_cherrybomb":1,"stat.useItem.minecraft.stone":199,"stat.pickup.minecraft.arrow":260,"stat.killEntity.grimoireofgaia.cyan_flower":3,"stat.pickup.dungeontactics.bag_ore":4,"stat.killEntity.grimoireofgaia.cecaelia":7,"stat.pickup.minecraft.gold_nugget":5,"stat.drop.minecraft.iron_pickaxe":1,"stat.pickup.futuremc.lantern":5,"stat.craftItem.explorercraft.amethyst_sword":1,"stat.crouchOneCm":2766,"stat.mineBlock.minecraft.chest":3,"stat.pickup.minecraft.rail":14,"stat.killEntity.goat":3,"stat.craftItem.minecraft.iron_ingot":283,"stat.craftingTableInteraction":155,"stat.pickup.minecraft.wooden_pickaxe":2,"stat.useItem.futuremc.sweet_berries":91,"stat.useItem.minecraft.reeds":9,"stat.pickup.minecraft.dye":25,"stat.pickup.minecraft.planks":390,"stat.pickup.minecraft.wheat_seeds":9,"stat.pickup.explorercraft.ruby":1,"stat.mineBlock.minecraft.dirt":44,"stat.craftItem.dungeontactics.silver_ingot":16,"stat.mineBlock.quark.biome_cobblestone":2,"stat.useItem.minecraft.bread":45,"stat.drop.minecraft.rotten_flesh":2,"stat.useItem.minecraft.cobblestone":746,"stat.craftItem.minecraft.leather_boots":1,"stat.useItem.minecraft.gravel":12,"stat.mineBlock.minecraft.double_plant":1,"stat.killEntity.grimoireofgaia.oni":1,"stat.craftItem.quark.slate_wall":6,"stat.killEntity.goblin2":5,"stat.pickup.minecraft.iron_pickaxe":5,"stat.pickup.futuremc.blast_furnace":1,"stat.craftItem.minecraft.gold_ingot":35,"stat.pickup.minecraft.chicken":1,"stat.pickup.minecraft.tipped_arrow":44,"stat.pickup.wearablebackpacks.backpack":2,"stat.pickup.minecraft.banner":4,"stat.useItem.minecraft.glass_pane":7,"stat.mineBlock.futuremc.lantern":2,"stat.craftItem.minecraft.bucket":3,"stat.craftItem.minecraft.planks":380,"stat.useItem.minecraft.iron_sword":353,"stat.pickup.futuremc.cornflower":1,"stat.itemEnchanted":1,"stat.pickup.minecraft.stone_sword":5,"stat.pickup.minecraft.book":15,"stat.useItem.minecraft.stonebrick":30,"stat.mineBlock.minecraft.log":5,"stat.pickup.quark.stone_granite_slab":3,"stat.useItem.minecraft.spruce_door":1,"stat.craftItem.quark.stone_slate_slab":6,"stat.mineBlock.dungeontactics.dungeon_glass":2,"stat.craftItem.minecraft.paper":3,"stat.pickup.dungeontactics.bag_quiver":3,"stat.pickup.minecraft.red_flower":7,"stat.pickup.dungeontactics.wooden_shield":1,"stat.pickup.minecraft.wool":22,"stat.craftItem.minecraft.spruce_door":3,"stat.useItem.minecraft.iron_axe":114,"stat.pickup.explorercraft.basalt_cobblestone":93,"stat.pickup.antiqueatlas.empty_antique_atlas":1,"stat.mineBlock.minecraft.cobblestone":255,"stat.useItem.explorercraft.amethyst_pickaxe":1320,"stat.pickup.minecraft.stone_pickaxe":8,"stat.pickup.minecraft.flint":4,"stat.pickup.minecraft.leather_chestplate":7,"stat.craftItem.minecraft.wool":1,"stat.pickup.minecraft.enchanted_book":2,"stat.pickup.minecraft.cooked_porkchop":17,"stat.useItem.minecraft.stone_slab2":280,"stat.pickup.minecraft.bow":12,"stat.pickup.minecraft.iron_boots":1,"stat.pickup.minecraft.diamond_horse_armor":1,"stat.craftItem.minecraft.furnace":8,"stat.pickup.minecraft.golden_axe":3,"stat.useItem.minecraft.egg":4,"stat.craftItem.minecraft.iron_boots":6,"stat.pickup.minecraft.coal_ore":1,"stat.craftItem.minecraft.cooked_beef":15,"stat.craftItem.minecraft.bow":1,"stat.mineBlock.minecraft.clay":2,"stat.pickup.futuremc.sweet_berries":68,"stat.flyOneCm":675862,"stat.timeSinceDeath":106869,"stat.pickup.dungeontactics.magic_scroll":3,"stat.pickup.dungeontactics.silver_cluster":19,"stat.craftItem.minecraft.iron_block":6,"stat.killEntity.Bat":4,"stat.killEntity.mod_lavacow.parasite":23,"stat.useItem.minecraft.potato":1,"stat.mineBlock.dungeontactics.bush_incindiberry":1,"stat.pickup.minecraft.chainmail_helmet":2,"stat.pickup.endreborn.item_shard_obsidian":2,"stat.mineBlock.minecraft.coal_ore":319,"stat.pickup.minecraft.shield":4,"stat.killEntity.Creeper":4,"stat.talkedToVillager":29,"stat.pickup.minecraft.string":77,"stat.pickup.explorercraft.marble":80,"stat.entityKilledBy.Skeleton":6,"stat.pickup.quark.stone_slate_slab":6,"stat.sprintOneCm":870328,"stat.mineBlock.minecraft.stone_slab":49,"stat.craftItem.minecraft.wooden_axe":1,"stat.pickup.quark.elder_prismarine":2,"stat.mineBlock.dungeontactics.silver_ore":16,"stat.craftItem.dungeontactics.stone_shield":5,"stat.mineBlock.minecraft.diamond_ore":5,"stat.pickup.dungeontactics.stone_shield":2,"stat.pickup.minecraft.leather_leggings":4,"stat.craftItem.dungeontactics.silver_cestus":1,"stat.craftItem.minecraft.leather_chestplate":1,"stat.pickup.dungeontactics.mortar&pestle":1,"stat.useItem.minecraft.wooden_sword":14,"stat.killEntity.Zombie":195,"stat.craftItem.minecraft.dye":99,"stat.pickup.dungeontactics.magic_powder":16,"stat.mineBlock.minecraft.gold_ore":37,"stat.diveOneCm":87268,"stat.pickup.dungeontactics.magic_pouch":2,"stat.craftItem.minecraft.cooked_porkchop":37,"stat.pickup.minecraft.stone_axe":6,"stat.pickup.mod_lavacow.foul_bristle":8,"stat.pickup.minecraft.obsidian":5,"stat.craftItem.explorercraft.lamb_shank_cooked":1,"stat.killEntity.grimoireofgaia.vase":1,"stat.mineBlock.mod_lavacow.veil_shroom":1,"stat.jump":8936,"stat.pickup.minecraft.coal":397,"stat.pickup.minecraft.iron_ingot":12,"stat.pickup.dungeontactics.ducttape":2,"stat.pickup.minecraft.gunpowder":10,"stat.craftItem.minecraft.torch":144,"stat.pickup.dungeontactics.iron_cutlass":3,"stat.pickup.minecraft.dirt":224,"stat.drop.futuremc.sweet_berries":2,"stat.pickup.minecraft.gold_ore":2,"stat.mineBlock.minecraft.lapis_ore":3,"stat.entityKilledBy.grimoireofgaia.oni":1,"stat.pickup.minecraft.iron_axe":2,"stat.mineBlock.minecraft.glass_pane":11,"stat.damageTaken":25777,"stat.useItem.minecraft.stone_brick_stairs":5,"stat.mineBlock.minecraft.torch":65,"stat.mineBlock.minecraft.red_flower":4,"stat.mineBlock.dungeontactics.flower_bramble":1,"stat.pickup.minecraft.log2":6,"stat.entityKilledBy.ZombieVillager":1,"stat.pickup.minecraft.bed":4,"stat.pickup.minecraft.potato":4,"stat.pickup.dungeontactics.magic_tether":1,"stat.entityKilledBy.Zombie":3,"stat.mineBlock.explorercraft.basalt":81,"stat.killEntity.Silverfish":227,"stat.useItem.quark.stone_slate_slab":2,"stat.craftItem.minecraft.stone_slab":30,"stat.useItem.minecraft.chest":2,"stat.useItem.minecraft.gold_ore":1,"stat.pickup.mod_lavacow.mimic_claw":1,"stat.pickup.explorercraft.amethyst_pickaxe":1,"stat.craftItem.minecraft.iron_chestplate":7,"stat.pickup.scalinghealth.heartcontainer":5,"stat.mineBlock.scalinghealth.crystalore":4,"stat.pickup.minecraft.ender_pearl":2,"stat.pickup.minecraft.cooked_beef":10,"stat.mineBlock.minecraft.stonebrick":120,"stat.killEntity.grimoireofgaia.harpy":3,"stat.mobKills":938,"stat.mineBlock.minecraft.bookshelf":4,"stat.pickup.quark.spruce_trapdoor":19,"stat.pickup.minecraft.diamond":9,"stat.pickup.minecraft.iron_horse_armor":1,"stat.pickup.minecraft.torch":136,"stat.entityKilledBy.Silverfish":6,"stat.craftItem.minecraft.compass":2,"stat.pickup.dungeontactics.bag_magic":5,"stat.useItem.minecraft.bookshelf":25,"stat.pickup.grimoireofgaia.misc_soul_fire":4,"stat.pickup.dungeontactics.cherry_bomb":10,"stat.pickup.dungeontactics.iron_knife":1,"stat.useItem.explorercraft.amethyst_sword":1228,"stat.pickup.mod_lavacow.cursed_fabric":6,"stat.useItem.minecraft.planks":65,"stat.pickup.minecraft.porkchop":29,"stat.useItem.minecraft.water_bucket":21,"stat.mineBlock.minecraft.stone_brick_stairs":4,"stat.pickup.minecraft.sand":33,"stat.entityKilledBy.Spider":1,"stat.pickup.minecraft.name_tag":2,"stat.mineBlock.explorercraft.marble":74,"stat.pickup.artifacts.power_glove":1,"stat.craftItem.minecraft.stone_sword":2,"stat.pickup.dynamictrees.spruceseed":23,"stat.pickup.minecraft.chainmail_chestplate":2,"stat.mineBlock.minecraft.sand":33,"stat.pickup.quark.rune":1,"stat.craftItem.explorercraft.amethyst_pickaxe":4,"stat.drop.dynamictrees.spruceseed":3,"stat.pickup.dungeontactics.bush_incindiberry":1,"stat.craftItem.wearablebackpacks.backpack":4,"stat.pickup.mod_lavacow.ectoplasm":4,"stat.killEntity.stonegolem":1,"stat.mineBlock.futuremc.cornflower":1,"stat.pickup.minecraft.furnace":6,"stat.useItem.minecraft.cooked_mutton":22,"stat.pickup.dungeontactics.slingshot":1,"stat.useItem.minecraft.stone_stairs":32,"stat.pickup.minecraft.skull":1,"stat.pickup.minecraft.stone_stairs":35,"stat.drop.explorercraft.amethyst_pickaxe":2,"stat.useItem.quark.slate_wall":5,"stat.pickup.minecraft.pumpkin_seeds":6,"stat.mineBlock.quark.stone_granite_slab":2,"stat.playOneMinute":863299,"stat.mineBlock.quark.stone_granite_stairs":1,"stat.pickup.minecraft.iron_bars":4,"stat.killEntity.mod_lavacow.raven":1,"stat.pickup.minecraft.spruce_door":4,"stat.useItem.dungeontactics.iron_cutlass":136,"stat.craftItem.minecraft.iron_nugget":18,"stat.fallOneCm":150352,"stat.drop.minecraft.dye":1,"stat.pickup.minecraft.melon_seeds":2,"stat.pickup.quark.slate":176,"stat.pickup.dungeontactics.stone_plate_greaves":3,"stat.drop.mod_lavacow.scythe_claw":2,"stat.craftItem.minecraft.chest":2,"stat.pickup.dungeontactics.bag_potion":2,"stat.pickup.mod_lavacow.scythe_claw":4,"stat.pickup.minecraft.feather":5,"stat.mineBlock.quark.elder_prismarine":2,"stat.useItem.minecraft.furnace":2,"stat.pickup.dungeontactics.bush_cherrybomb":6,"stat.killEntity.Llama":2,"stat.mineBlock.dungeontactics.bush_cherrybomb":2,"stat.mineBlock.minecraft.gravel":77,"stat.useItem.minecraft.stone_pickaxe":659,"stat.useItem.minecraft.stone_sword":167,"stat.craftItem.minecraft.iron_leggings":6,"stat.killEntity.grimoireofgaia.bone_knight":2,"stat.pickup.minecraft.chainmail_boots":3,"stat.craftItem.explorercraft.amethyst_shovel":1,"stat.craftItem.minecraft.leather":122,"stat.pickup.minecraft.record_13":1,"stat.mineBlock.minecraft.monster_egg":8,"stat.useItem.minecraft.bone_block":8,"stat.useItem.minecraft.torch":278,"stat.pickup.minecraft.golden_apple":1,"stat.pickup.minecraft.iron_nugget":36,"stat.craftItem.minecraft.stone_stairs":16,"stat.pickup.minecraft.crafting_table":12,"stat.useItem.minecraft.log":4,"stat.craftItem.minecraft.crafting_table":3,"stat.killEntity.grimoireofgaia.arachne":1,"stat.pickup.futuremc.barrel":9,"stat.mineBlock.quark.stone_speleothem":29,"stat.craftItem.futuremc.barrel":3,"stat.mineBlock.minecraft.emerald_ore":4,"stat.pickup.minecraft.log":204,"stat.drop.minecraft.stonebrick":1,"stat.pickup.artifacts.magma_stone":1,"stat.killEntity.grimoireofgaia.nine_tails":1,"stat.pickup.minecraft.chainmail_leggings":3,"stat.pickup.dungeontactics.bag_tool":4,"stat.entityKilledBy.quark:dweller":1,"stat.pickup.quark.root":1,"stat.craftItem.dungeontactics.silver_shield":2,"stat.craftItem.dungeontactics.iron_shield":8,"stat.sneakTime":6625,"stat.drop.mod_lavacow.foul_bristle":4,"stat.pickup.minecraft.rabbit_stew":1,"stat.pickup.minecraft.stone_slab":67,"stat.pickup.minecraft.yellow_flower":2,"stat.pickup.minecraft.golden_rail":6,"stat.pickup.minecraft.chest":7,"stat.craftItem.minecraft.enchanting_table":1,"stat.pickup.minecraft.bone":221,"stat.horseOneCm":9948,"stat.pickup.dungeontactics.bag_mystery":4,"stat.craftItem.quark.stone_granite_slab":12,"stat.pickup.minecraft.record_blocks":1,"stat.swimOneCm":278521,"stat.climbOneCm":1707,"stat.mineBlock.minecraft.spruce_stairs":6,"stat.craftItem.minecraft.golden_chestplate":1,"stat.mineBlock.quark.roots":8,"stat.useItem.minecraft.dirt":138,"stat.pickup.minecraft.golden_helmet":1,"stat.killEntity.goblin":2,"stat.pickup.moremobss.goatwool":6,"stat.mineBlock.futuremc.barrel":9,"stat.craftItem.antiqueatlas.empty_antique_atlas":2,"stat.pickup.dungeontactics.flower_bramble":3,"stat.killEntity.artifacts.mimic":2,"stat.craftItem.minecraft.bone_block":10,"stat.pickup.minecraft.anvil":2,"stat.craftItem.minecraft.stone_pickaxe":5,"stat.pickup.minecraft.cobblestone":1140,"stat.mineBlock.minecraft.carpet":13,"stat.pickup.quark.biome_cobblestone":16,"stat.useItem.minecraft.stone_shovel":68,"stat.pickup.minecraft.glass_bottle":2,"stat.mineBlock.quark.custom_chest":3,"stat.useItem.minecraft.cooked_beef":27,"stat.pickup.explorercraft.lamb_shank":20,"stat.craftItem.minecraft.wooden_slab":6,"stat.pickup.dungeontactics.gold_cluster":37,"stat.pickup.minecraft.redstone":45,"stat.mineBlock.minecraft.iron_ore":284,"stat.craftItem.minecraft.book":1,"stat.pickup.minecraft.mutton":24,"stat.pickup.minecraft.cake":1,"stat.pickup.minecraft.wooden_axe":3,"stat.pickup.dungeontactics.mushroom_iron":1,"stat.pickup.minecraft.stonebrick":144,"stat.useItem.minecraft.cooked_porkchop":25,"stat.pickup.minecraft.carpet":26,"stat.useItem.explorercraft.amethyst_shovel":49,"stat.craftItem.futuremc.lantern":5,"stat.useItem.quark.elder_prismarine":1,"stat.craftItem.minecraft.stone_slab2":0,"stat.mineBlock.futuremc.blast_furnace":1,"stat.pickup.mod_lavacow.parasite_item_cooked":4,"stat.craftItem.minecraft.stick":96,"stat.useItem.minecraft.stone_slab":45,"stat.mineBlock.minecraft.crafting_table":11,"stat.pickup.dungeontactics.bag_arbour":2,"stat.pickup.minecraft.golden_horse_armor":1,"stat.craftItem.dungeontactics.wooden_shield":7,"stat.entityKilledBy.Creeper":1,"stat.pickup.endreborn.catalyst":1,"stat.mineBlock.minecraft.planks":11,"stat.drop":72,"stat.killEntity.Sheep":13,"stat.pickup.minecraft.slime_ball":16,"stat.pickup.minecraft.golden_chestplate":4,"stat.pickup.dungeontactics.silver_shield":1,"stat.killEntity.vampire":1,"stat.pickup.minecraft.record_strad":1,"stat.pickup.minecraft.gravel":84,"stat.drop.dungeontactics.iron_cutlass":2,"stat.mineBlock.minecraft.anvil":2,"stat.useItem.quark.biome_cobblestone":12,"stat.mineBlock.dungeontactics.stonequartz_ore":2,"stat.useItem.minecraft.carpet":3,"stat.useItem.minecraft.potion":1,"stat.pickup.dungeontactics.bag_record":2,"stat.useItem.quark.stone_granite_slab":12,"stat.pickup.minecraft.stone_brick_stairs":8,"stat.pickup.minecraft.iron_helmet":1,"stat.pickup.scalinghealth.crystalshard":5,"stat.useItem.minecraft.stone_axe":46,"stat.pickup.minecraft.spider_eye":5,"stat.craftItem.minecraft.iron_helmet":6,"stat.mineBlock.quark.spruce_trapdoor":14,"stat.pickup.explorercraft.amethyst":41,"stat.pickup.minecraft.iron_ore":1,"stat.mineBlock.minecraft.iron_bars":4,"stat.pickup.quark.custom_chest":5,"stat.useItem.explorercraft.marble":51,"stat.mineBlock.explorercraft.amethyst_ore":42,"stat.mineBlock.minecraft.stone_stairs":28,"stat.pickup.minecraft.leather":39,"stat.pickup.dungeontactics.iron_shield":3,"stat.mineBlock.minecraft.furnace":5,"stat.entityKilledBy.grimoireofgaia.nine_tails":1,"stat.useItem.minecraft.wooden_pickaxe":14,"stat.dispenserInspected":1,"stat.drop.minecraft.water_bucket":2,"stat.useItem.quark.spruce_trapdoor":11,"stat.pickup.mod_lavacow.chitin":3,"stat.useItem.dungeontactics.cherry_bomb":2,"stat.pickup.minecraft.reeds":25,"stat.pickup.dungeontactics.bag_book":4,"stat.killEntity.CaveSpider":1,"stat.damageDealt":164230,"stat.craftItem.minecraft.glass":33,"stat.sleepInBed":17,"stat.craftItem.minecraft.anvil":2,"stat.killEntity.Cow":18,"stat.mineBlock.quark.roots_blue_flower":1,"stat.useItem.futuremc.barrel":8,"stat.killEntity.Pig":14,"stat.craftItem.minecraft.iron_sword":2,"stat.craftItem.minecraft.stone_shovel":1,"stat.walkOneCm":2587095,"stat.useItem.quark.custom_chest":34,"stat.pickup.minecraft.stick":171,"stat.craftItem.quark.custom_chest":6,"stat.pickup.minecraft.clay_ball":16,"stat.pickup.mod_lavacow.feather_black":1,"stat.useItem.scalinghealth.heartcontainer":2,"stat.pickup.quark.root_flower":5,"stat.useItem.minecraft.spruce_stairs":3,"stat.pickup.minecraft.stone":294,"stat.mineBlock.minecraft.packed_ice":9,"stat.pickup.minecraft.gold_ingot":4,"stat.killEntity.Skeleton":207,"stat.pickup.mod_lavacow.sharptooth":3,"stat.useItem.quark.slate":8,"stat.killEntity.Chicken":1,"stat.killEntity.Spider":17,"stat.pickup.minecraft.bread":1,"stat.pickup.explorercraft.lamb_shank_cooked":12,"stat.pickup.minecraft.quartz":2,"stat.killEntity.mod_lavacow.banshee":5,"stat.pickup.minecraft.spruce_stairs":6,"stat.mineBlock.minecraft.redstone_ore":10,"stat.mineBlock.minecraft.stone":1139}