{"stat.chestOpened":82,"stat.pickup.minecraft.spruce_door":1,"stat.pickup.minecraft.bone":2,"stat.leaveGame":1,"stat.pickup.minecraft.arrow":2,"stat.mineBlock.minecraft.cobblestone":21,"stat.drop.dungeontactics.iron_cutlass":1,"stat.craftItem.minecraft.cooked_porkchop":8,"stat.pickup.minecraft.stone_axe":1,"stat.killEntity.grimoireofgaia.cyan_flower":1,"stat.useItem.dungeontactics.iron_cutlass":134,"stat.pickup.grimoireofgaia.misc_soul_fire":2,"stat.pickup.dungeontactics.cherry_bomb":1,"stat.pickup.minecraft.gold_nugget":1,"stat.useItem.minecraft.carpet":3,"stat.jump":810,"stat.swimOneCm":11969,"stat.pickup.minecraft.coal":61,"stat.fallOneCm":23870,"stat.useItem.minecraft.planks":1,"stat.climbOneCm":885,"stat.mineBlock.minecraft.web":2,"stat.mineBlock.minecraft.spruce_stairs":4,"stat.drop.minecraft.feather":1,"stat.useItem.minecraft.stone_axe":35,"stat.pickup.dungeontactics.stone_plate_greaves":3,"stat.pickup.minecraft.porkchop":6,"stat.crouchOneCm":3,"stat.mineBlock.minecraft.chest":1,"stat.pickup.minecraft.rail":7,"stat.killEntity.goat":2,"stat.craftItem.minecraft.chest":2,"stat.pickup.dungeontactics.iron_cutlass":1,"stat.pickup.minecraft.dirt":57,"stat.useItem.minecraft.stone_slab2":25,"stat.drop.futuremc.sweet_berries":2,"stat.pickup.minecraft.bow":1,"stat.craftingTableInteraction":18,"stat.pickup.moremobss.goatwool":4,"stat.craftItem.minecraft.furnace":1,"stat.useItem.minecraft.egg":1,"stat.mineBlock.minecraft.glass_pane":1,"stat.mineBlock.minecraft.stone_stairs":4,"stat.damageTaken":2308,"stat.pickup.minecraft.feather":3,"stat.pickup.minecraft.leather":11,"stat.useItem.futuremc.sweet_berries":24,"stat.mineBlock.minecraft.furnace":1,"stat.craftItem.minecraft.stone_pickaxe":1,"stat.mineBlock.minecraft.torch":1,"stat.entityKilledBy.grimoireofgaia.nine_tails":1,"stat.craftItem.minecraft.cooked_beef":10,"stat.pickup.minecraft.cobblestone":35,"stat.mineBlock.minecraft.carpet":10,"stat.pickup.minecraft.planks":58,"stat.useItem.dungeontactics.cherry_bomb":1,"stat.pickup.futuremc.sweet_berries":30,"stat.killEntity.Llama":2,"stat.pickup.dungeontactics.iron_cluster":9,"stat.flyOneCm":110630,"stat.pickup.minecraft.bed":2,"stat.pickup.dynamictrees.spruceseed":8,"stat.pickup.minecraft.wheat_seeds":2,"stat.useItem.minecraft.stone_pickaxe":79,"stat.useItem.minecraft.cooked_beef":6,"stat.pickup.explorercraft.lamb_shank":7,"stat.pickup.quark.tallow":10,"stat.damageDealt":5951,"stat.mineBlock.minecraft.iron_ore":9,"stat.sleepInBed":6,"stat.timeSinceDeath":43287,"stat.killEntity.Cow":6,"stat.mineBlock.minecraft.dirt":16,"stat.killEntity.Pig":3,"stat.pickup.minecraft.mutton":9,"stat.craftItem.minecraft.leather":1,"stat.craftItem.minecraft.stone_slab":6,"stat.walkOneCm":247445,"stat.useItem.minecraft.torch":1,"stat.useItem.minecraft.bread":1,"stat.pickup.minecraft.stick":50,"stat.pickup.minecraft.iron_nugget":4,"stat.pickup.minecraft.crafting_table":3,"stat.useItem.minecraft.cobblestone":25,"stat.furnaceInteraction":15,"stat.mineBlock.minecraft.double_plant":1,"stat.useItem.explorercraft.jade_axe":9,"stat.pickup.minecraft.carpet":17,"stat.mineBlock.minecraft.coal_ore":31,"stat.pickup.minecraft.shield":1,"stat.talkedToVillager":23,"stat.pickup.minecraft.log":41,"stat.pickup.minecraft.string":3,"stat.killEntity.mod_lavacow.mimic":1,"stat.pickup.minecraft.iron_pickaxe":1,"stat.pickup.minecraft.beef":10,"stat.pickup.minecraft.furnace":1,"stat.craftItem.minecraft.stone_slab2":0,"stat.useItem.minecraft.spruce_stairs":2,"stat.pickup.minecraft.chicken":1,"stat.killEntity.grimoireofgaia.nine_tails":1,"stat.craftItem.explorercraft.jade_axe":1,"stat.sprintOneCm":139413,"stat.mineBlock.minecraft.stone_slab":1,"stat.useItem.minecraft.stone_stairs":2,"stat.craftItem.minecraft.stick":8,"stat.pickup.minecraft.banner":3,"stat.pickup.minecraft.gold_ingot":2,"stat.killEntity.Skeleton":2,"stat.useItem.minecraft.stone_slab":3,"stat.craftItem.minecraft.planks":24,"stat.pickup.minecraft.stone_stairs":4,"stat.killEntity.Chicken":1,"stat.craftItem.dungeontactics.stone_shield":1,"stat.mineBlock.minecraft.crafting_table":3,"stat.mobKills":25,"stat.pickup.minecraft.book":3,"stat.mineBlock.minecraft.bookshelf":1,"stat.craftItem.dungeontactics.wooden_shield":1,"stat.entityKilledBy.Creeper":1,"stat.mineBlock.minecraft.planks":2,"stat.deaths":2,"stat.drop":4,"stat.pickup.minecraft.egg":3,"stat.playOneMinute":85363,"stat.pickup.minecraft.torch":1,"stat.pickup.minecraft.spruce_stairs":4,"stat.killEntity.Sheep":4,"stat.pickup.minecraft.red_flower":1,"stat.sneakTime":105,"stat.pickup.minecraft.wool":4,"stat.pickup.minecraft.golden_chestplate":2,"stat.killEntity.Zombie":2,"stat.pickup.minecraft.stone_slab":1,"stat.pickup.minecraft.yellow_flower":1,"stat.mineBlock.minecraft.stone":13,"stat.craftItem.minecraft.cooked_mutton":4,"stat.mineBlock.minecraft.tallgrass":6,"stat.diveOneCm":11016,"stat.pickup.minecraft.cooked_mutton":4,"stat.pickup.minecraft.chest":2}