{"stat.useItem.minecraft.bow":20,"stat.mineBlock.quark.roots_white_flower":1,"stat.mineBlock.explorercraft.basalt_cobblestone":4,"stat.pickup.weeping-angels.kontron_ingot":17,"stat.leaveGame":6,"stat.mineBlock.minecraft.web":17,"stat.drop.minecraft.feather":1,"stat.pickup.minecraft.rotten_flesh":54,"stat.useItem.explorercraft.basalt_cobblestone":11,"stat.useItem.dungeontactics.iron_knife":11,"stat.pickup.minecraft.bucket":2,"stat.pickup.dungeontactics.iron_cluster":197,"stat.killEntity.Witch":3,"stat.pickup.quark.tallow":36,"stat.useItem.minecraft.iron_pickaxe":849,"stat.pickup.mod_lavacow.intestine":3,"stat.craftItem.minecraft.wooden_pickaxe":1,"stat.craftItem.minecraft.glass_pane":16,"stat.mineBlock.minecraft.vine":1,"stat.furnaceInteraction":145,"stat.useItem.explorercraft.jade_axe":122,"stat.mineBlock.quark.slate":175,"stat.drop.minecraft.red_flower":1,"stat.killEntity.mod_lavacow.mimic":2,"stat.pickup.minecraft.beef":34,"stat.craftItem.explorercraft.jade_axe":1,"stat.pickup.minecraft.leather_helmet":2,"stat.craftItem.futuremc.dye":1,"stat.pickup.minecraft.potion":1,"stat.mineBlock.weeping-angels.kontron_ore":9,"stat.pickup.minecraft.emerald":7,"stat.pickup.dynamictrees.oakseed":1,"stat.deaths":13,"stat.pickup.minecraft.egg":8,"stat.craftItem.minecraft.iron_pickaxe":4,"stat.drop.minecraft.torch":4,"stat.craftItem.minecraft.cooked_mutton":23,"stat.mineBlock.minecraft.tallgrass":11,"stat.pickup.dungeontactics.bag_food":1,"stat.pickup.minecraft.cooked_mutton":20,"stat.chestOpened":403,"stat.useItem.minecraft.splash_potion":1,"stat.useItem.dungeontactics.bush_cherrybomb":1,"stat.pickup.minecraft.arrow":45,"stat.killEntity.grimoireofgaia.cyan_flower":3,"stat.pickup.dungeontactics.bag_ore":1,"stat.killEntity.grimoireofgaia.cecaelia":5,"stat.pickup.minecraft.gold_nugget":4,"stat.drop.minecraft.iron_pickaxe":1,"stat.pickup.futuremc.lantern":5,"stat.craftItem.explorercraft.amethyst_sword":1,"stat.crouchOneCm":1029,"stat.mineBlock.minecraft.chest":3,"stat.pickup.minecraft.rail":14,"stat.killEntity.goat":3,"stat.craftItem.minecraft.iron_ingot":197,"stat.craftingTableInteraction":112,"stat.useItem.futuremc.sweet_berries":50,"stat.useItem.minecraft.reeds":9,"stat.pickup.minecraft.dye":18,"stat.pickup.minecraft.planks":386,"stat.pickup.minecraft.wheat_seeds":3,"stat.pickup.explorercraft.ruby":1,"stat.mineBlock.minecraft.dirt":33,"stat.craftItem.dungeontactics.silver_ingot":16,"stat.mineBlock.quark.biome_cobblestone":2,"stat.useItem.minecraft.bread":42,"stat.useItem.minecraft.cobblestone":433,"stat.useItem.minecraft.gravel":12,"stat.mineBlock.minecraft.double_plant":1,"stat.killEntity.grimoireofgaia.oni":1,"stat.craftItem.quark.slate_wall":6,"stat.killEntity.goblin2":5,"stat.pickup.minecraft.iron_pickaxe":4,"stat.pickup.futuremc.blast_furnace":1,"stat.craftItem.minecraft.gold_ingot":35,"stat.pickup.minecraft.chicken":1,"stat.pickup.minecraft.tipped_arrow":10,"stat.pickup.wearablebackpacks.backpack":2,"stat.pickup.minecraft.banner":4,"stat.useItem.minecraft.glass_pane":7,"stat.mineBlock.futuremc.lantern":2,"stat.craftItem.minecraft.bucket":2,"stat.craftItem.minecraft.planks":348,"stat.useItem.minecraft.iron_sword":141,"stat.pickup.futuremc.cornflower":1,"stat.itemEnchanted":1,"stat.pickup.minecraft.stone_sword":2,"stat.pickup.minecraft.book":15,"stat.useItem.minecraft.stonebrick":13,"stat.mineBlock.minecraft.log":5,"stat.useItem.minecraft.spruce_door":1,"stat.craftItem.quark.stone_slate_slab":6,"stat.mineBlock.dungeontactics.dungeon_glass":2,"stat.craftItem.minecraft.paper":3,"stat.pickup.dungeontactics.bag_quiver":1,"stat.pickup.minecraft.red_flower":7,"stat.pickup.dungeontactics.wooden_shield":1,"stat.pickup.minecraft.wool":21,"stat.craftItem.minecraft.spruce_door":3,"stat.useItem.minecraft.iron_axe":12,"stat.pickup.explorercraft.basalt_cobblestone":21,"stat.pickup.antiqueatlas.empty_antique_atlas":1,"stat.mineBlock.minecraft.cobblestone":184,"stat.useItem.explorercraft.amethyst_pickaxe":287,"stat.pickup.minecraft.stone_pickaxe":1,"stat.pickup.minecraft.flint":4,"stat.pickup.minecraft.leather_chestplate":3,"stat.pickup.minecraft.enchanted_book":1,"stat.pickup.minecraft.cooked_porkchop":5,"stat.useItem.minecraft.stone_slab2":156,"stat.pickup.minecraft.bow":4,"stat.pickup.minecraft.iron_boots":1,"stat.pickup.minecraft.diamond_horse_armor":1,"stat.craftItem.minecraft.furnace":4,"stat.useItem.minecraft.egg":4,"stat.craftItem.minecraft.iron_boots":4,"stat.pickup.minecraft.coal_ore":1,"stat.craftItem.minecraft.cooked_beef":10,"stat.mineBlock.minecraft.clay":1,"stat.pickup.futuremc.sweet_berries":53,"stat.flyOneCm":541736,"stat.timeSinceDeath":27874,"stat.pickup.dungeontactics.magic_scroll":2,"stat.pickup.dungeontactics.silver_cluster":19,"stat.craftItem.minecraft.iron_block":3,"stat.killEntity.Bat":1,"stat.killEntity.mod_lavacow.parasite":7,"stat.mineBlock.dungeontactics.bush_incindiberry":1,"stat.pickup.endreborn.item_shard_obsidian":2,"stat.mineBlock.minecraft.coal_ore":250,"stat.pickup.minecraft.shield":2,"stat.killEntity.Creeper":4,"stat.talkedToVillager":29,"stat.pickup.minecraft.string":33,"stat.pickup.explorercraft.marble":8,"stat.entityKilledBy.Skeleton":1,"stat.pickup.quark.stone_slate_slab":6,"stat.sprintOneCm":676469,"stat.mineBlock.minecraft.stone_slab":36,"stat.mineBlock.dungeontactics.silver_ore":16,"stat.craftItem.dungeontactics.stone_shield":5,"stat.mineBlock.minecraft.diamond_ore":5,"stat.pickup.dungeontactics.stone_shield":2,"stat.pickup.minecraft.leather_leggings":3,"stat.craftItem.dungeontactics.silver_cestus":1,"stat.killEntity.Zombie":50,"stat.craftItem.minecraft.dye":3,"stat.pickup.dungeontactics.magic_powder":4,"stat.mineBlock.minecraft.gold_ore":35,"stat.diveOneCm":76703,"stat.pickup.dungeontactics.magic_pouch":1,"stat.craftItem.minecraft.cooked_porkchop":37,"stat.pickup.minecraft.stone_axe":3,"stat.pickup.mod_lavacow.foul_bristle":8,"stat.pickup.minecraft.obsidian":5,"stat.craftItem.explorercraft.lamb_shank_cooked":1,"stat.mineBlock.mod_lavacow.veil_shroom":1,"stat.jump":5653,"stat.pickup.minecraft.coal":321,"stat.pickup.minecraft.iron_ingot":9,"stat.pickup.dungeontactics.ducttape":2,"stat.pickup.minecraft.gunpowder":8,"stat.craftItem.minecraft.torch":96,"stat.pickup.dungeontactics.iron_cutlass":3,"stat.pickup.minecraft.dirt":136,"stat.drop.futuremc.sweet_berries":2,"stat.mineBlock.minecraft.lapis_ore":3,"stat.entityKilledBy.grimoireofgaia.oni":1,"stat.pickup.minecraft.iron_axe":1,"stat.mineBlock.minecraft.glass_pane":11,"stat.damageTaken":13081,"stat.mineBlock.minecraft.torch":27,"stat.mineBlock.minecraft.red_flower":4,"stat.mineBlock.dungeontactics.flower_bramble":1,"stat.pickup.minecraft.log2":4,"stat.entityKilledBy.ZombieVillager":1,"stat.pickup.minecraft.bed":4,"stat.pickup.minecraft.potato":2,"stat.entityKilledBy.Zombie":3,"stat.mineBlock.explorercraft.basalt":18,"stat.killEntity.Silverfish":26,"stat.useItem.quark.stone_slate_slab":2,"stat.craftItem.minecraft.stone_slab":30,"stat.useItem.minecraft.chest":2,"stat.pickup.mod_lavacow.mimic_claw":1,"stat.pickup.explorercraft.amethyst_pickaxe":1,"stat.craftItem.minecraft.iron_chestplate":5,"stat.pickup.scalinghealth.heartcontainer":3,"stat.mineBlock.scalinghealth.crystalore":4,"stat.pickup.minecraft.ender_pearl":1,"stat.pickup.minecraft.cooked_beef":10,"stat.mineBlock.minecraft.stonebrick":15,"stat.killEntity.grimoireofgaia.harpy":3,"stat.mobKills":222,"stat.mineBlock.minecraft.bookshelf":4,"stat.pickup.quark.spruce_trapdoor":13,"stat.pickup.minecraft.diamond":9,"stat.pickup.minecraft.iron_horse_armor":1,"stat.pickup.minecraft.torch":63,"stat.entityKilledBy.Silverfish":3,"stat.craftItem.minecraft.compass":2,"stat.pickup.dungeontactics.bag_magic":1,"stat.useItem.minecraft.bookshelf":25,"stat.pickup.grimoireofgaia.misc_soul_fire":4,"stat.pickup.dungeontactics.cherry_bomb":8,"stat.pickup.dungeontactics.iron_knife":1,"stat.useItem.explorercraft.amethyst_sword":659,"stat.pickup.mod_lavacow.cursed_fabric":5,"stat.useItem.minecraft.planks":57,"stat.pickup.minecraft.porkchop":29,"stat.useItem.minecraft.water_bucket":3,"stat.mineBlock.minecraft.stone_brick_stairs":1,"stat.pickup.minecraft.sand":33,"stat.mineBlock.explorercraft.marble":8,"stat.pickup.artifacts.power_glove":1,"stat.craftItem.minecraft.stone_sword":1,"stat.pickup.dynamictrees.spruceseed":19,"stat.mineBlock.minecraft.sand":33,"stat.craftItem.explorercraft.amethyst_pickaxe":1,"stat.drop.dynamictrees.spruceseed":3,"stat.pickup.dungeontactics.bush_incindiberry":1,"stat.craftItem.wearablebackpacks.backpack":3,"stat.pickup.mod_lavacow.ectoplasm":3,"stat.killEntity.stonegolem":1,"stat.mineBlock.futuremc.cornflower":1,"stat.pickup.minecraft.furnace":3,"stat.useItem.minecraft.cooked_mutton":1,"stat.pickup.dungeontactics.slingshot":1,"stat.useItem.minecraft.stone_stairs":32,"stat.pickup.minecraft.stone_stairs":35,"stat.drop.explorercraft.amethyst_pickaxe":1,"stat.useItem.quark.slate_wall":5,"stat.pickup.minecraft.pumpkin_seeds":2,"stat.playOneMinute":519163,"stat.pickup.minecraft.iron_bars":4,"stat.killEntity.mod_lavacow.raven":1,"stat.pickup.minecraft.spruce_door":4,"stat.useItem.dungeontactics.iron_cutlass":136,"stat.craftItem.minecraft.iron_nugget":18,"stat.fallOneCm":100278,"stat.drop.minecraft.dye":1,"stat.pickup.quark.slate":176,"stat.pickup.dungeontactics.stone_plate_greaves":3,"stat.drop.mod_lavacow.scythe_claw":2,"stat.craftItem.minecraft.chest":2,"stat.pickup.dungeontactics.bag_potion":2,"stat.pickup.mod_lavacow.scythe_claw":4,"stat.pickup.minecraft.feather":4,"stat.pickup.dungeontactics.bush_cherrybomb":4,"stat.killEntity.Llama":2,"stat.mineBlock.dungeontactics.bush_cherrybomb":1,"stat.mineBlock.minecraft.gravel":73,"stat.useItem.minecraft.stone_pickaxe":558,"stat.useItem.minecraft.stone_sword":35,"stat.craftItem.minecraft.iron_leggings":4,"stat.killEntity.grimoireofgaia.bone_knight":2,"stat.pickup.minecraft.chainmail_boots":2,"stat.craftItem.explorercraft.amethyst_shovel":1,"stat.craftItem.minecraft.leather":31,"stat.pickup.minecraft.record_13":1,"stat.mineBlock.minecraft.monster_egg":3,"stat.useItem.minecraft.torch":148,"stat.pickup.minecraft.golden_apple":1,"stat.pickup.minecraft.iron_nugget":30,"stat.craftItem.minecraft.stone_stairs":16,"stat.pickup.minecraft.crafting_table":7,"stat.useItem.minecraft.log":4,"stat.craftItem.minecraft.crafting_table":2,"stat.killEntity.grimoireofgaia.arachne":1,"stat.pickup.futuremc.barrel":9,"stat.mineBlock.quark.stone_speleothem":26,"stat.craftItem.futuremc.barrel":3,"stat.mineBlock.minecraft.emerald_ore":2,"stat.pickup.minecraft.log":197,"stat.drop.minecraft.stonebrick":1,"stat.pickup.artifacts.magma_stone":1,"stat.killEntity.grimoireofgaia.nine_tails":1,"stat.pickup.dungeontactics.bag_tool":1,"stat.entityKilledBy.quark:dweller":1,"stat.pickup.quark.root":1,"stat.craftItem.dungeontactics.silver_shield":2,"stat.craftItem.dungeontactics.iron_shield":5,"stat.sneakTime":1637,"stat.drop.mod_lavacow.foul_bristle":4,"stat.pickup.minecraft.stone_slab":52,"stat.pickup.minecraft.yellow_flower":2,"stat.pickup.minecraft.golden_rail":2,"stat.pickup.minecraft.chest":5,"stat.craftItem.minecraft.enchanting_table":1,"stat.pickup.minecraft.bone":34,"stat.horseOneCm":9948,"stat.pickup.dungeontactics.bag_mystery":1,"stat.swimOneCm":117637,"stat.climbOneCm":1707,"stat.mineBlock.minecraft.spruce_stairs":6,"stat.mineBlock.quark.roots":7,"stat.useItem.minecraft.dirt":67,"stat.pickup.minecraft.golden_helmet":1,"stat.killEntity.goblin":1,"stat.pickup.moremobss.goatwool":6,"stat.mineBlock.futuremc.barrel":9,"stat.craftItem.antiqueatlas.empty_antique_atlas":2,"stat.pickup.dungeontactics.flower_bramble":3,"stat.killEntity.artifacts.mimic":2,"stat.craftItem.minecraft.stone_pickaxe":5,"stat.pickup.minecraft.cobblestone":777,"stat.mineBlock.minecraft.carpet":13,"stat.pickup.quark.biome_cobblestone":16,"stat.useItem.minecraft.stone_shovel":68,"stat.pickup.minecraft.glass_bottle":2,"stat.mineBlock.quark.custom_chest":3,"stat.useItem.minecraft.cooked_beef":11,"stat.pickup.explorercraft.lamb_shank":20,"stat.craftItem.minecraft.wooden_slab":6,"stat.pickup.dungeontactics.gold_cluster":35,"stat.pickup.minecraft.redstone":45,"stat.mineBlock.minecraft.iron_ore":197,"stat.craftItem.minecraft.book":1,"stat.pickup.minecraft.mutton":24,"stat.pickup.minecraft.cake":1,"stat.pickup.minecraft.wooden_axe":2,"stat.pickup.dungeontactics.mushroom_iron":1,"stat.pickup.minecraft.stonebrick":37,"stat.useItem.minecraft.cooked_porkchop":21,"stat.pickup.minecraft.carpet":26,"stat.useItem.explorercraft.amethyst_shovel":34,"stat.craftItem.futuremc.lantern":4,"stat.craftItem.minecraft.stone_slab2":0,"stat.mineBlock.futuremc.blast_furnace":1,"stat.pickup.mod_lavacow.parasite_item_cooked":1,"stat.craftItem.minecraft.stick":80,"stat.useItem.minecraft.stone_slab":38,"stat.mineBlock.minecraft.crafting_table":6,"stat.pickup.dungeontactics.bag_arbour":1,"stat.pickup.minecraft.golden_horse_armor":1,"stat.craftItem.dungeontactics.wooden_shield":7,"stat.entityKilledBy.Creeper":1,"stat.pickup.endreborn.catalyst":1,"stat.mineBlock.minecraft.planks":3,"stat.drop":25,"stat.killEntity.Sheep":12,"stat.pickup.minecraft.slime_ball":2,"stat.pickup.minecraft.golden_chestplate":2,"stat.pickup.minecraft.gravel":79,"stat.drop.dungeontactics.iron_cutlass":2,"stat.useItem.quark.biome_cobblestone":12,"stat.mineBlock.dungeontactics.stonequartz_ore":2,"stat.useItem.minecraft.carpet":3,"stat.pickup.minecraft.stone_brick_stairs":1,"stat.pickup.minecraft.iron_helmet":1,"stat.pickup.scalinghealth.crystalshard":5,"stat.useItem.minecraft.stone_axe":46,"stat.pickup.minecraft.spider_eye":3,"stat.craftItem.minecraft.iron_helmet":3,"stat.mineBlock.quark.spruce_trapdoor":12,"stat.pickup.explorercraft.amethyst":20,"stat.mineBlock.minecraft.iron_bars":4,"stat.pickup.quark.custom_chest":5,"stat.mineBlock.explorercraft.amethyst_ore":21,"stat.mineBlock.minecraft.stone_stairs":28,"stat.pickup.minecraft.leather":37,"stat.pickup.dungeontactics.iron_shield":1,"stat.mineBlock.minecraft.furnace":2,"stat.entityKilledBy.grimoireofgaia.nine_tails":1,"stat.useItem.minecraft.wooden_pickaxe":14,"stat.drop.minecraft.water_bucket":2,"stat.useItem.quark.spruce_trapdoor":6,"stat.useItem.dungeontactics.cherry_bomb":2,"stat.pickup.minecraft.reeds":25,"stat.pickup.dungeontactics.bag_book":3,"stat.killEntity.CaveSpider":1,"stat.damageDealt":76442,"stat.craftItem.minecraft.glass":33,"stat.sleepInBed":17,"stat.craftItem.minecraft.anvil":1,"stat.killEntity.Cow":18,"stat.mineBlock.quark.roots_blue_flower":1,"stat.useItem.futuremc.barrel":8,"stat.killEntity.Pig":12,"stat.craftItem.minecraft.iron_sword":1,"stat.craftItem.minecraft.stone_shovel":1,"stat.walkOneCm":1684681,"stat.useItem.quark.custom_chest":34,"stat.pickup.minecraft.stick":162,"stat.craftItem.quark.custom_chest":6,"stat.pickup.minecraft.clay_ball":8,"stat.pickup.mod_lavacow.feather_black":1,"stat.useItem.scalinghealth.heartcontainer":2,"stat.pickup.quark.root_flower":5,"stat.useItem.minecraft.spruce_stairs":3,"stat.pickup.minecraft.stone":16,"stat.mineBlock.minecraft.packed_ice":9,"stat.pickup.minecraft.gold_ingot":3,"stat.killEntity.Skeleton":21,"stat.pickup.mod_lavacow.sharptooth":2,"stat.useItem.quark.slate":8,"stat.killEntity.Chicken":1,"stat.killEntity.Spider":9,"stat.pickup.minecraft.bread":1,"stat.pickup.explorercraft.lamb_shank_cooked":11,"stat.pickup.minecraft.quartz":2,"stat.killEntity.mod_lavacow.banshee":4,"stat.pickup.minecraft.spruce_stairs":6,"stat.mineBlock.minecraft.redstone_ore":10,"stat.mineBlock.minecraft.stone":574}