{"stat.useItem.minecraft.bow":5,"stat.mineBlock.quark.roots_white_flower":1,"stat.mineBlock.explorercraft.basalt_cobblestone":1,"stat.pickup.weeping-angels.kontron_ingot":16,"stat.leaveGame":3,"stat.pickup.grimoireofgaia.misc_soul_fire":4,"stat.pickup.dungeontactics.cherry_bomb":1,"stat.pickup.dungeontactics.iron_knife":1,"stat.useItem.explorercraft.amethyst_sword":135,"stat.useItem.minecraft.planks":1,"stat.mineBlock.minecraft.web":2,"stat.drop.minecraft.feather":1,"stat.pickup.minecraft.porkchop":26,"stat.pickup.minecraft.rotten_flesh":7,"stat.useItem.explorercraft.basalt_cobblestone":1,"stat.mineBlock.explorercraft.marble":6,"stat.pickup.artifacts.power_glove":1,"stat.pickup.dungeontactics.iron_cluster":175,"stat.craftItem.minecraft.stone_sword":1,"stat.pickup.dynamictrees.spruceseed":14,"stat.killEntity.Witch":2,"stat.pickup.quark.tallow":33,"stat.drop.dynamictrees.spruceseed":1,"stat.useItem.minecraft.iron_pickaxe":722,"stat.pickup.mod_lavacow.intestine":1,"stat.pickup.dungeontactics.bush_incindiberry":1,"stat.craftItem.wearablebackpacks.backpack":3,"stat.pickup.mod_lavacow.ectoplasm":2,"stat.furnaceInteraction":77,"stat.useItem.explorercraft.jade_axe":89,"stat.mineBlock.quark.slate":86,"stat.killEntity.mod_lavacow.mimic":1,"stat.pickup.minecraft.beef":15,"stat.pickup.minecraft.furnace":3,"stat.craftItem.explorercraft.jade_axe":1,"stat.pickup.minecraft.leather_helmet":1,"stat.useItem.minecraft.stone_stairs":17,"stat.pickup.minecraft.stone_stairs":18,"stat.mineBlock.weeping-angels.kontron_ore":8,"stat.pickup.minecraft.emerald":7,"stat.deaths":5,"stat.pickup.minecraft.egg":5,"stat.playOneMinute":243570,"stat.craftItem.minecraft.iron_pickaxe":4,"stat.craftItem.minecraft.cooked_mutton":14,"stat.mineBlock.minecraft.tallgrass":10,"stat.pickup.dungeontactics.bag_food":1,"stat.pickup.minecraft.cooked_mutton":16,"stat.killEntity.mod_lavacow.raven":1,"stat.chestOpened":234,"stat.pickup.minecraft.spruce_door":1,"stat.pickup.minecraft.arrow":20,"stat.killEntity.grimoireofgaia.cyan_flower":1,"stat.useItem.dungeontactics.iron_cutlass":136,"stat.pickup.dungeontactics.bag_ore":1,"stat.pickup.minecraft.gold_nugget":3,"stat.drop.minecraft.iron_pickaxe":1,"stat.craftItem.minecraft.iron_nugget":18,"stat.pickup.futuremc.lantern":2,"stat.fallOneCm":51450,"stat.craftItem.explorercraft.amethyst_sword":1,"stat.drop.minecraft.dye":1,"stat.pickup.quark.slate":87,"stat.pickup.dungeontactics.stone_plate_greaves":3,"stat.crouchOneCm":921,"stat.mineBlock.minecraft.chest":3,"stat.pickup.minecraft.rail":14,"stat.killEntity.goat":2,"stat.craftItem.minecraft.chest":2,"stat.craftItem.minecraft.iron_ingot":103,"stat.craftingTableInteraction":54,"stat.pickup.minecraft.feather":3,"stat.useItem.futuremc.sweet_berries":24,"stat.pickup.dungeontactics.bush_cherrybomb":2,"stat.pickup.minecraft.dye":12,"stat.pickup.minecraft.planks":160,"stat.killEntity.Llama":2,"stat.pickup.minecraft.wheat_seeds":2,"stat.mineBlock.dungeontactics.bush_cherrybomb":1,"stat.mineBlock.minecraft.gravel":73,"stat.useItem.minecraft.stone_pickaxe":442,"stat.useItem.minecraft.stone_sword":17,"stat.craftItem.minecraft.iron_leggings":1,"stat.pickup.explorercraft.ruby":1,"stat.killEntity.grimoireofgaia.bone_knight":1,"stat.mineBlock.minecraft.dirt":18,"stat.craftItem.dungeontactics.silver_ingot":3,"stat.craftItem.minecraft.leather":18,"stat.mineBlock.quark.biome_cobblestone":2,"stat.useItem.minecraft.torch":74,"stat.useItem.minecraft.bread":35,"stat.pickup.minecraft.iron_nugget":10,"stat.craftItem.minecraft.stone_stairs":8,"stat.pickup.minecraft.crafting_table":4,"stat.useItem.minecraft.cobblestone":207,"stat.useItem.minecraft.gravel":12,"stat.mineBlock.minecraft.double_plant":1,"stat.mineBlock.quark.stone_speleothem":20,"stat.mineBlock.minecraft.emerald_ore":2,"stat.pickup.minecraft.log":169,"stat.killEntity.goblin2":5,"stat.pickup.minecraft.iron_pickaxe":4,"stat.pickup.futuremc.blast_furnace":1,"stat.pickup.minecraft.chicken":1,"stat.killEntity.grimoireofgaia.nine_tails":1,"stat.pickup.wearablebackpacks.backpack":2,"stat.pickup.minecraft.banner":3,"stat.mineBlock.futuremc.lantern":1,"stat.entityKilledBy.quark:dweller":1,"stat.craftItem.minecraft.planks":288,"stat.pickup.quark.root":1,"stat.pickup.minecraft.stone_sword":2,"stat.craftItem.dungeontactics.silver_shield":1,"stat.pickup.minecraft.book":15,"stat.craftItem.quark.stone_slate_slab":6,"stat.mineBlock.dungeontactics.dungeon_glass":2,"stat.craftItem.dungeontactics.iron_shield":2,"stat.craftItem.minecraft.paper":3,"stat.pickup.minecraft.red_flower":2,"stat.pickup.dungeontactics.wooden_shield":1,"stat.sneakTime":664,"stat.pickup.minecraft.wool":18,"stat.pickup.minecraft.stone_slab":27,"stat.pickup.minecraft.yellow_flower":1,"stat.pickup.minecraft.golden_rail":2,"stat.pickup.minecraft.chest":5,"stat.pickup.minecraft.bone":16,"stat.pickup.explorercraft.basalt_cobblestone":7,"stat.mineBlock.minecraft.cobblestone":84,"stat.pickup.minecraft.stone_pickaxe":1,"stat.pickup.minecraft.flint":4,"stat.pickup.minecraft.leather_chestplate":1,"stat.swimOneCm":60188,"stat.climbOneCm":885,"stat.mineBlock.minecraft.spruce_stairs":6,"stat.pickup.minecraft.cooked_porkchop":5,"stat.mineBlock.quark.roots":4,"stat.useItem.minecraft.dirt":1,"stat.useItem.minecraft.stone_slab2":77,"stat.pickup.minecraft.bow":2,"stat.killEntity.goblin":1,"stat.pickup.moremobss.goatwool":5,"stat.pickup.minecraft.diamond_horse_armor":1,"stat.craftItem.minecraft.furnace":3,"stat.craftItem.antiqueatlas.empty_antique_atlas":1,"stat.pickup.dungeontactics.flower_bramble":3,"stat.killEntity.artifacts.mimic":1,"stat.useItem.minecraft.egg":2,"stat.craftItem.minecraft.iron_boots":1,"stat.pickup.minecraft.coal_ore":1,"stat.craftItem.minecraft.stone_pickaxe":3,"stat.craftItem.minecraft.cooked_beef":10,"stat.pickup.minecraft.cobblestone":531,"stat.mineBlock.minecraft.carpet":13,"stat.pickup.quark.biome_cobblestone":16,"stat.mineBlock.minecraft.clay":1,"stat.pickup.futuremc.sweet_berries":34,"stat.useItem.minecraft.stone_shovel":68,"stat.flyOneCm":271289,"stat.useItem.minecraft.cooked_beef":7,"stat.pickup.explorercraft.lamb_shank":15,"stat.pickup.dungeontactics.gold_cluster":18,"stat.pickup.minecraft.redstone":23,"stat.mineBlock.minecraft.iron_ore":178,"stat.craftItem.minecraft.book":1,"stat.timeSinceDeath":22034,"stat.pickup.minecraft.mutton":17,"stat.pickup.dungeontactics.silver_cluster":6,"stat.pickup.minecraft.cake":1,"stat.mineBlock.dungeontactics.bush_incindiberry":1,"stat.pickup.dungeontactics.mushroom_iron":1,"stat.pickup.minecraft.carpet":26,"stat.pickup.endreborn.item_shard_obsidian":2,"stat.mineBlock.minecraft.coal_ore":198,"stat.pickup.minecraft.shield":1,"stat.talkedToVillager":29,"stat.pickup.minecraft.string":8,"stat.craftItem.futuremc.lantern":2,"stat.pickup.explorercraft.marble":6,"stat.entityKilledBy.Skeleton":1,"stat.craftItem.minecraft.stone_slab2":0,"stat.pickup.quark.stone_slate_slab":6,"stat.mineBlock.futuremc.blast_furnace":1,"stat.sprintOneCm":362852,"stat.mineBlock.minecraft.stone_slab":19,"stat.craftItem.minecraft.stick":28,"stat.useItem.minecraft.stone_slab":19,"stat.mineBlock.dungeontactics.silver_ore":3,"stat.craftItem.dungeontactics.stone_shield":2,"stat.pickup.dungeontactics.stone_shield":2,"stat.mineBlock.minecraft.crafting_table":4,"stat.pickup.minecraft.leather_leggings":2,"stat.craftItem.dungeontactics.wooden_shield":3,"stat.entityKilledBy.Creeper":1,"stat.pickup.endreborn.catalyst":1,"stat.mineBlock.minecraft.planks":2,"stat.drop":7,"stat.craftItem.dungeontactics.silver_cestus":1,"stat.killEntity.Sheep":9,"stat.pickup.minecraft.golden_chestplate":2,"stat.killEntity.Zombie":8,"stat.craftItem.minecraft.dye":2,"stat.pickup.dungeontactics.magic_powder":2,"stat.mineBlock.minecraft.gold_ore":18,"stat.diveOneCm":43638,"stat.pickup.minecraft.gravel":79,"stat.drop.dungeontactics.iron_cutlass":1,"stat.craftItem.minecraft.cooked_porkchop":31,"stat.pickup.minecraft.stone_axe":1,"stat.useItem.quark.biome_cobblestone":12,"stat.mineBlock.dungeontactics.stonequartz_ore":2,"stat.pickup.minecraft.obsidian":5,"stat.craftItem.explorercraft.lamb_shank_cooked":1,"stat.useItem.minecraft.carpet":3,"stat.jump":2822,"stat.pickup.minecraft.coal":268,"stat.pickup.minecraft.iron_helmet":1,"stat.pickup.minecraft.iron_ingot":8,"stat.pickup.dungeontactics.ducttape":2,"stat.pickup.scalinghealth.crystalshard":4,"stat.useItem.minecraft.stone_axe":43,"stat.pickup.dungeontactics.iron_cutlass":2,"stat.pickup.minecraft.dirt":72,"stat.drop.futuremc.sweet_berries":2,"stat.pickup.explorercraft.amethyst":4,"stat.mineBlock.minecraft.lapis_ore":2,"stat.mineBlock.minecraft.glass_pane":5,"stat.mineBlock.explorercraft.amethyst_ore":4,"stat.mineBlock.minecraft.stone_stairs":18,"stat.damageTaken":5871,"stat.pickup.minecraft.leather":26,"stat.pickup.dungeontactics.iron_shield":1,"stat.mineBlock.minecraft.furnace":2,"stat.mineBlock.minecraft.torch":14,"stat.mineBlock.minecraft.red_flower":1,"stat.entityKilledBy.grimoireofgaia.nine_tails":1,"stat.mineBlock.dungeontactics.flower_bramble":1,"stat.useItem.dungeontactics.cherry_bomb":1,"stat.pickup.minecraft.reeds":14,"stat.pickup.minecraft.bed":3,"stat.pickup.minecraft.potato":1,"stat.mineBlock.explorercraft.basalt":6,"stat.damageDealt":23560,"stat.sleepInBed":12,"stat.killEntity.Cow":9,"stat.mineBlock.quark.roots_blue_flower":1,"stat.killEntity.Pig":11,"stat.useItem.quark.stone_slate_slab":2,"stat.craftItem.minecraft.stone_slab":6,"stat.craftItem.minecraft.stone_shovel":1,"stat.walkOneCm":708759,"stat.useItem.quark.custom_chest":2,"stat.useItem.minecraft.chest":2,"stat.pickup.minecraft.stick":146,"stat.craftItem.quark.custom_chest":4,"stat.pickup.minecraft.clay_ball":4,"stat.pickup.mod_lavacow.feather_black":1,"stat.pickup.quark.root_flower":5,"stat.useItem.minecraft.spruce_stairs":3,"stat.pickup.minecraft.stone":16,"stat.craftItem.minecraft.iron_chestplate":1,"stat.mineBlock.scalinghealth.crystalore":4,"stat.pickup.minecraft.ender_pearl":1,"stat.mineBlock.minecraft.packed_ice":9,"stat.pickup.minecraft.cooked_beef":10,"stat.pickup.minecraft.gold_ingot":3,"stat.killEntity.Skeleton":10,"stat.useItem.quark.slate":2,"stat.killEntity.Chicken":1,"stat.killEntity.Spider":2,"stat.pickup.minecraft.bread":1,"stat.killEntity.grimoireofgaia.harpy":1,"stat.pickup.explorercraft.lamb_shank_cooked":11,"stat.mobKills":76,"stat.mineBlock.minecraft.bookshelf":4,"stat.pickup.minecraft.quartz":2,"stat.killEntity.mod_lavacow.banshee":1,"stat.pickup.minecraft.diamond":4,"stat.pickup.minecraft.iron_horse_armor":1,"stat.pickup.minecraft.torch":36,"stat.pickup.minecraft.spruce_stairs":6,"stat.mineBlock.minecraft.redstone_ore":5,"stat.craftItem.minecraft.compass":1,"stat.mineBlock.minecraft.stone":448}