{"stat.walkOneCm":43690,"stat.pickup.minecraft.bone":2,"stat.pickup.dynamictrees.birchseed":2,"stat.pickup.minecraft.stick":12,"stat.drop.conarm.book":1,"stat.entityKilledBy.grimoireofgaia.spriggan":2,"stat.leaveGame":2,"stat.pickup.minecraft.crafting_table":2,"stat.mineBlock.minecraft.cobblestone":2,"stat.useItem.minecraft.log2":1,"stat.useItem.minecraft.cobblestone":7,"stat.craftItem.minecraft.crafting_table":1,"stat.pickup.minecraft.log":3,"stat.jump":102,"stat.swimOneCm":892,"stat.fallOneCm":1463,"stat.useItem.tombstone.gift":1,"stat.useItem.minecraft.stone_axe":3,"stat.sprintOneCm":24331,"stat.useItem.minecraft.stone_slab2":2,"stat.craftItem.minecraft.stick":8,"stat.craftingTableInteraction":5,"stat.killEntity.Skeleton":1,"stat.entityKilledBy.Rogue":1,"stat.craftItem.minecraft.planks":12,"stat.craftItem.dungeontactics.stone_shield":1,"stat.craftItem.minecraft.stone_axe":1,"stat.mineBlock.minecraft.log2":1,"stat.damageTaken":1071,"stat.mineBlock.minecraft.crafting_table":2,"stat.craftItem.minecraft.stone_pickaxe":1,"stat.useItem.minecraft.wooden_pickaxe":10,"stat.pickup.dungeontactics.bag_arbour":1,"stat.pickup.minecraft.cobblestone":29,"stat.mobKills":3,"stat.pickup.minecraft.log2":4,"stat.craftItem.dungeontactics.wooden_shield":1,"stat.craftItem.minecraft.stone_sword":1,"stat.flyOneCm":21255,"stat.deaths":3,"tombstone:undead_killed":2,"stat.drop":2,"stat.playOneMinute":14137,"stat.killEntity.Witch":1,"stat.drop.minecraft.wheat_seeds":1,"stat.useItem.minecraft.stone_pickaxe":19,"stat.useItem.minecraft.stone_sword":13,"stat.damageDealt":487,"stat.killEntity.Zombie":1,"stat.timeSinceDeath":8901,"stat.craftItem.minecraft.wooden_pickaxe":1,"stat.mineBlock.minecraft.stone":27,"stat.diveOneCm":2564}