{"stat.useItem.minecraft.bow":10,"stat.pickup.minecraft.wooden_slab":1,"stat.pickup.blocklings.blockling":4,"stat.entityKilledBy.grimoireofgaia.spriggan":2,"stat.leaveGame":4,"stat.pickup.grimoireofgaia.misc_soul_fire":4,"stat.pickup.dungeontactics.cherry_bomb":10,"stat.useItem.explorercraft.amethyst_sword":30,"stat.useItem.minecraft.planks":1,"stat.mineBlock.minecraft.web":2,"stat.pickup.minecraft.porkchop":32,"stat.entityKilledBy.mod_lavacow.mimic":1,"stat.pickup.minecraft.rotten_flesh":8,"stat.useItem.explorercraft.basalt_cobblestone":6,"stat.craftItem.minecraft.stone_axe":1,"stat.pickup.minecraft.name_tag":1,"stat.killEntity.Enderman":1,"stat.mineBlock.minecraft.wooden_slab":1,"stat.mineBlock.explorercraft.marble":6,"stat.pickup.dungeontactics.iron_cluster":79,"stat.craftItem.minecraft.stone_sword":1,"stat.killEntity.Witch":2,"stat.pickup.quark.tallow":25,"stat.craftItem.explorercraft.amethyst_pickaxe":1,"stat.pickup.mod_lavacow.intestine":3,"stat.useItem.minecraft.iron_pickaxe":252,"stat.craftItem.minecraft.wooden_pickaxe":1,"stat.craftItem.dungeontactics.iron_cutlass":1,"stat.craftItem.minecraft.bed":1,"stat.furnaceInteraction":59,"stat.killEntity.ZombieVillager":2,"stat.killEntity.mod_lavacow.mimic":2,"stat.useItem.minecraft.cooked_mutton":8,"stat.pickup.dynamictreesquark.blossomingseed":1,"stat.pickup.minecraft.skull":3,"stat.pickup.explorercraft.amethyst_axe":1,"stat.craftItem.dungeontactics.iron_plate_boots":1,"stat.pickup.minecraft.emerald":4,"stat.pickup.dynamictrees.oakseed":5,"stat.pickup.dungeontactics.stone_cutlass":2,"stat.craftItem.explorercraft.amethyst_axe":1,"stat.drop.quark.root_flower":1,"stat.deaths":13,"stat.useItem.dungeontactics.stone_cutlass":53,"stat.pickup.minecraft.egg":1,"stat.playOneMinute":196643,"stat.entityKilledBy.grimoireofgaia.dullahan":1,"stat.craftItem.minecraft.iron_pickaxe":2,"stat.craftItem.minecraft.cooked_mutton":11,"stat.chestOpened":140,"stat.useItem.minecraft.stone":16,"stat.pickup.minecraft.arrow":8,"stat.useItem.dungeontactics.iron_cutlass":175,"stat.pickup.minecraft.gold_nugget":9,"stat.useItem.dungeontactics.stone_battleaxe":31,"stat.fallOneCm":56130,"stat.craftItem.explorercraft.amethyst_sword":1,"stat.crouchOneCm":1740,"stat.craftItem.minecraft.chest":1,"stat.craftItem.minecraft.iron_ingot":67,"stat.craftingTableInteraction":41,"stat.mineBlock.minecraft.log2":1,"stat.pickup.minecraft.feather":1,"stat.pickup.minecraft.dye":36,"stat.pickup.minecraft.planks":18,"stat.killEntity.Llama":1,"stat.useItem.minecraft.stone_pickaxe":246,"stat.useItem.minecraft.stone_sword":63,"stat.craftItem.minecraft.iron_leggings":1,"stat.useItem.explorercraft.amethyst_axe":15,"stat.killEntity.grimoireofgaia.bone_knight":1,"stat.mineBlock.minecraft.dirt":24,"stat.useItem.minecraft.torch":26,"stat.pickup.minecraft.iron_nugget":4,"stat.drop.minecraft.rotten_flesh":2,"stat.pickup.minecraft.crafting_table":2,"stat.useItem.minecraft.cobblestone":133,"stat.craftItem.minecraft.crafting_table":1,"stat.mineBlock.quark.stone_speleothem":1,"stat.mineBlock.minecraft.emerald_ore":4,"stat.pickup.minecraft.log":80,"stat.killEntity.grimoireofgaia.gryphon":2,"stat.craftItem.minecraft.gold_ingot":15,"stat.pickup.explorercraft.cherry_sapling":1,"stat.pickup.minecraft.wooden_door":3,"stat.drop.dynamictrees.oakseed":1,"stat.entityKilledBy.Rogue":1,"stat.craftItem.minecraft.planks":100,"stat.pickup.minecraft.stone_sword":1,"stat.pickup.dungeontactics.bag_quiver":1,"stat.craftItem.dungeontactics.stone_cutlass":2,"stat.sneakTime":913,"stat.pickup.minecraft.wool":3,"stat.pickup.minecraft.bone":9,"stat.killEntity.grimoireofgaia.banshee":2,"stat.pickup.dungeontactics.bag_mystery":1,"stat.drop.conarm.book":1,"stat.pickup.explorercraft.basalt_cobblestone":15,"stat.mineBlock.minecraft.cobblestone":16,"stat.useItem.minecraft.log2":1,"stat.useItem.explorercraft.amethyst_pickaxe":62,"stat.entityKilledBy.Witch":1,"stat.craftItem.minecraft.wool":3,"stat.swimOneCm":59517,"stat.mineBlock.quark.roots":2,"stat.useItem.minecraft.dirt":15,"stat.useItem.minecraft.stone_slab2":32,"stat.pickup.minecraft.bow":1,"stat.killEntity.Piranha":7,"stat.mineBlock.explorercraft.cherry_leaves":1,"stat.pickup.minecraft.iron_boots":2,"stat.drop.explorercraft.amethyst_axe":1,"stat.useItem.minecraft.egg":1,"stat.craftItem.minecraft.iron_boots":1,"stat.craftItem.minecraft.stone_pickaxe":5,"stat.pickup.minecraft.cobblestone":208,"stat.pickup.minecraft.record_chirp":1,"stat.craftItem.minecraft.bow":1,"stat.flyOneCm":309872,"stat.pickup.minecraft.fish":3,"stat.drop.minecraft.wheat_seeds":1,"stat.craftItem.minecraft.wooden_slab":6,"stat.pickup.explorercraft.lamb_shank":5,"stat.pickup.dungeontactics.gold_cluster":14,"stat.pickup.minecraft.redstone":74,"stat.mineBlock.minecraft.iron_ore":80,"stat.timeSinceDeath":29749,"stat.useItem.minecraft.wooden_slab":3,"stat.pickup.minecraft.mutton":4,"stat.useItem.minecraft.cooked_porkchop":27,"stat.drop.dungeontactics.flower_ailment":1,"stat.mineBlock.minecraft.coal_ore":196,"stat.pickup.minecraft.shield":1,"stat.pickup.minecraft.string":7,"stat.pickup.abyssalcraft.nitre":12,"stat.pickup.explorercraft.marble":6,"stat.drop.dungeontactics.cherry_bomb":3,"stat.pickup.tombstone.crafting_ingredient":9,"stat.entityKilledBy.Skeleton":3,"stat.craftItem.minecraft.stone_slab2":0,"stat.sprintOneCm":263597,"stat.craftItem.minecraft.stick":36,"stat.killEntity.abyssalcraft.dreadling":1,"stat.craftItem.dungeontactics.stone_shield":3,"stat.mineBlock.minecraft.crafting_table":2,"stat.pickup.explorercraft.cherry_log":6,"stat.pickup.dungeontactics.bag_arbour":1,"stat.craftItem.dungeontactics.wooden_shield":2,"stat.entityKilledBy.Creeper":1,"stat.mineBlock.minecraft.planks":2,"stat.drop":14,"stat.killEntity.Sheep":3,"stat.pickup.minecraft.slime_ball":3,"stat.killEntity.Zombie":11,"stat.mineBlock.minecraft.gold_ore":14,"stat.diveOneCm":23013,"stat.pickup.dungeontactics.iron_plate_boots":1,"stat.craftItem.minecraft.cooked_porkchop":27,"stat.mineBlock.abyssalcraft.nitreore":6,"stat.craftItem.explorercraft.lamb_shank_cooked":5,"stat.pickup.dungeontactics.bag_record":1,"stat.jump":2017,"stat.pickup.minecraft.coal":200,"stat.pickup.minecraft.iron_ingot":4,"stat.useItem.minecraft.stone_axe":40,"stat.pickup.minecraft.spider_eye":4,"stat.craftItem.minecraft.torch":36,"stat.pickup.minecraft.dirt":20,"stat.craftItem.minecraft.iron_helmet":1,"stat.drop.blocklings.blockling":3,"stat.pickup.explorercraft.amethyst":12,"stat.mineBlock.minecraft.lapis_ore":5,"stat.useItem.explorercraft.marble":1,"stat.mineBlock.explorercraft.amethyst_ore":14,"stat.damageTaken":7654,"stat.pickup.minecraft.leather":1,"stat.mineBlock.minecraft.torch":4,"stat.useItem.minecraft.wooden_pickaxe":10,"stat.pickup.minecraft.log2":4,"stat.useItem.dungeontactics.cherry_bomb":7,"stat.killEntity.CaveSpider":2,"tombstone:undead_killed":23,"stat.entityKilledBy.Zombie":1,"stat.mineBlock.explorercraft.basalt":17,"stat.damageDealt":15518,"stat.sleepInBed":1,"stat.mineBlock.quark.roots_blue_flower":2,"stat.killEntity.Pig":14,"stat.walkOneCm":427310,"stat.pickup.dynamictrees.birchseed":2,"stat.pickup.minecraft.stick":42,"stat.craftItem.quark.custom_chest":1,"stat.entityKilledBy.grimoireofgaia.banshee":1,"stat.pickup.minecraft.spectral_arrow":6,"stat.pickup.mod_lavacow.mimic_claw":3,"stat.pickup.dungeontactics.flower_ailment":1,"stat.pickup.quark.root_flower":4,"stat.useItem.tombstone.gift":1,"stat.pickup.minecraft.stone":10,"stat.craftItem.dungeontactics.stone_battleaxe":1,"stat.craftItem.minecraft.iron_chestplate":1,"stat.killEntity.grimoireofgaia.dullahan":2,"stat.pickup.minecraft.ender_pearl":1,"stat.pickup.minecraft.gold_ingot":5,"stat.killEntity.Skeleton":6,"stat.killEntity.Spider":5,"stat.mineBlock.explorercraft.cherry_log":6,"stat.pickup.abyssalcraft.dreadfragment":2,"stat.mobKills":62,"stat.pickup.minecraft.beetroot_seeds":4,"stat.pickup.minecraft.torch":5,"stat.mineBlock.minecraft.redstone_ore":16,"stat.mineBlock.minecraft.stone":195}