{"stat.chestOpened":12,"stat.leaveGame":1,"stat.mineBlock.minecraft.cobblestone":12,"stat.useItem.dungeontactics.iron_cutlass":39,"stat.pickup.grimoireofgaia.misc_soul_fire":2,"stat.pickup.dungeontactics.cherry_bomb":1,"stat.pickup.minecraft.gold_nugget":1,"stat.useItem.minecraft.carpet":1,"stat.jump":149,"stat.pickup.minecraft.coal":61,"stat.fallOneCm":4833,"stat.useItem.minecraft.planks":1,"stat.useItem.minecraft.stone_axe":17,"stat.pickup.dungeontactics.stone_plate_greaves":2,"stat.killEntity.goat":2,"stat.craftItem.minecraft.chest":1,"stat.pickup.minecraft.dirt":11,"stat.useItem.minecraft.stone_slab2":9,"stat.craftingTableInteraction":6,"stat.pickup.moremobss.goatwool":2,"stat.craftItem.minecraft.furnace":1,"stat.mineBlock.minecraft.glass_pane":1,"stat.mineBlock.minecraft.stone_stairs":3,"stat.damageTaken":610,"stat.pickup.minecraft.feather":1,"stat.pickup.minecraft.leather":2,"stat.mineBlock.minecraft.furnace":1,"stat.entityKilledBy.grimoireofgaia.nine_tails":1,"stat.pickup.minecraft.cobblestone":24,"stat.mineBlock.minecraft.carpet":7,"stat.pickup.minecraft.planks":2,"stat.useItem.dungeontactics.cherry_bomb":1,"stat.killEntity.Llama":2,"stat.flyOneCm":16692,"stat.pickup.minecraft.bed":2,"stat.useItem.minecraft.stone_pickaxe":59,"stat.useItem.minecraft.cooked_beef":3,"stat.pickup.quark.tallow":1,"stat.damageDealt":1912,"stat.sleepInBed":2,"stat.timeSinceDeath":3786,"stat.mineBlock.minecraft.dirt":11,"stat.pickup.minecraft.mutton":4,"stat.walkOneCm":60494,"stat.pickup.minecraft.crafting_table":3,"stat.useItem.minecraft.cobblestone":19,"stat.furnaceInteraction":3,"stat.pickup.minecraft.carpet":8,"stat.mineBlock.minecraft.coal_ore":31,"stat.pickup.minecraft.furnace":1,"stat.pickup.minecraft.chicken":1,"stat.killEntity.grimoireofgaia.nine_tails":1,"stat.sprintOneCm":20201,"stat.useItem.minecraft.stone_stairs":2,"stat.craftItem.minecraft.stick":8,"stat.craftItem.minecraft.planks":24,"stat.pickup.minecraft.stone_stairs":3,"stat.killEntity.Chicken":1,"stat.craftItem.dungeontactics.stone_shield":1,"stat.mineBlock.minecraft.crafting_table":3,"stat.mobKills":6,"stat.craftItem.dungeontactics.wooden_shield":1,"stat.mineBlock.minecraft.planks":2,"stat.deaths":1,"stat.playOneMinute":24163,"stat.sneakTime":31,"stat.pickup.minecraft.golden_chestplate":2,"stat.mineBlock.minecraft.stone":12,"stat.craftItem.minecraft.cooked_mutton":4}