{"stat.chestOpened":40,"stat.pickup.minecraft.bone":4,"stat.killEntity.grimoireofgaia.banshee":1,"stat.drop.conarm.book":1,"stat.pickup.blocklings.blockling":4,"stat.entityKilledBy.grimoireofgaia.spriggan":2,"stat.leaveGame":2,"stat.pickup.minecraft.arrow":2,"stat.mineBlock.minecraft.cobblestone":7,"stat.useItem.minecraft.log2":1,"stat.craftItem.minecraft.cooked_porkchop":16,"stat.pickup.grimoireofgaia.misc_soul_fire":2,"stat.pickup.minecraft.gold_nugget":1,"stat.useItem.dungeontactics.stone_battleaxe":31,"stat.jump":797,"stat.swimOneCm":8192,"stat.pickup.minecraft.coal":68,"stat.fallOneCm":23193,"stat.useItem.minecraft.stone_axe":22,"stat.pickup.minecraft.porkchop":29,"stat.pickup.minecraft.spider_eye":2,"stat.craftItem.minecraft.chest":1,"stat.craftItem.minecraft.torch":24,"stat.pickup.minecraft.dirt":3,"stat.useItem.minecraft.dirt":1,"stat.useItem.minecraft.stone_slab2":9,"stat.killEntity.Piranha":7,"stat.mineBlock.explorercraft.cherry_leaves":1,"stat.drop.blocklings.blockling":3,"stat.craftingTableInteraction":14,"stat.useItem.minecraft.egg":1,"stat.craftItem.minecraft.stone_axe":1,"stat.mineBlock.minecraft.log2":1,"stat.damageTaken":3486,"stat.pickup.minecraft.leather":1,"stat.craftItem.minecraft.stone_pickaxe":5,"stat.mineBlock.minecraft.torch":1,"stat.useItem.minecraft.wooden_pickaxe":10,"stat.pickup.minecraft.cobblestone":66,"stat.pickup.minecraft.log2":4,"stat.pickup.minecraft.dye":7,"stat.pickup.minecraft.planks":7,"stat.killEntity.Llama":1,"stat.pickup.dungeontactics.iron_cluster":3,"stat.craftItem.minecraft.stone_sword":1,"stat.flyOneCm":153784,"tombstone:undead_killed":7,"stat.killEntity.Witch":1,"stat.pickup.minecraft.fish":3,"stat.drop.minecraft.wheat_seeds":1,"stat.useItem.minecraft.stone_pickaxe":128,"stat.craftItem.minecraft.wooden_slab":6,"stat.useItem.minecraft.stone_sword":51,"stat.pickup.quark.tallow":20,"stat.damageDealt":5119,"stat.mineBlock.minecraft.iron_ore":3,"stat.sleepInBed":1,"stat.timeSinceDeath":3530,"stat.mineBlock.minecraft.dirt":3,"stat.craftItem.minecraft.wooden_pickaxe":1,"stat.killEntity.Pig":12,"stat.useItem.minecraft.wooden_slab":2,"stat.walkOneCm":175040,"stat.useItem.minecraft.torch":2,"stat.pickup.dynamictrees.birchseed":2,"stat.pickup.minecraft.stick":23,"stat.pickup.minecraft.iron_nugget":3,"stat.craftItem.quark.custom_chest":1,"stat.pickup.minecraft.crafting_table":2,"stat.useItem.minecraft.cobblestone":14,"stat.craftItem.minecraft.crafting_table":1,"stat.furnaceInteraction":9,"stat.useItem.minecraft.cooked_porkchop":11,"stat.drop.dungeontactics.flower_ailment":1,"stat.mineBlock.minecraft.coal_ore":69,"stat.pickup.minecraft.log":37,"stat.pickup.minecraft.string":2,"stat.pickup.dungeontactics.flower_ailment":1,"stat.useItem.tombstone.gift":1,"stat.pickup.tombstone.crafting_ingredient":3,"stat.entityKilledBy.Skeleton":3,"stat.craftItem.minecraft.stone_slab2":0,"stat.craftItem.dungeontactics.stone_battleaxe":1,"stat.killEntity.grimoireofgaia.dullahan":2,"stat.pickup.dynamictreesquark.blossomingseed":1,"stat.pickup.explorercraft.cherry_sapling":1,"stat.sprintOneCm":141804,"stat.pickup.minecraft.wooden_door":1,"stat.pickup.minecraft.skull":3,"stat.craftItem.minecraft.stick":20,"stat.killEntity.Skeleton":2,"stat.entityKilledBy.Rogue":1,"stat.craftItem.minecraft.planks":100,"stat.craftItem.dungeontactics.stone_shield":1,"stat.mineBlock.minecraft.crafting_table":2,"stat.killEntity.Spider":2,"stat.pickup.explorercraft.cherry_log":6,"stat.pickup.dungeontactics.bag_arbour":1,"stat.mineBlock.explorercraft.cherry_log":6,"stat.mobKills":32,"stat.pickup.dynamictrees.oakseed":1,"stat.craftItem.dungeontactics.wooden_shield":1,"stat.pickup.dungeontactics.stone_cutlass":2,"stat.deaths":6,"stat.mineBlock.minecraft.planks":1,"stat.useItem.dungeontactics.stone_cutlass":40,"stat.drop":6,"stat.pickup.minecraft.egg":1,"stat.playOneMinute":62276,"stat.craftItem.dungeontactics.stone_cutlass":1,"stat.pickup.minecraft.torch":1,"stat.sneakTime":33,"stat.killEntity.Zombie":4,"stat.mineBlock.minecraft.stone":59,"stat.diveOneCm":13767}