{"stat.useItem.minecraft.bow":10,"stat.pickup.minecraft.wooden_slab":1,"stat.pickup.blocklings.blockling":4,"stat.entityKilledBy.grimoireofgaia.spriggan":2,"stat.leaveGame":4,"stat.pickup.grimoireofgaia.misc_soul_fire":4,"stat.pickup.dungeontactics.cherry_bomb":10,"stat.useItem.explorercraft.amethyst_sword":107,"stat.useItem.minecraft.planks":1,"stat.mineBlock.minecraft.web":2,"stat.pickup.minecraft.porkchop":32,"stat.entityKilledBy.mod_lavacow.mimic":1,"stat.pickup.minecraft.rotten_flesh":14,"stat.useItem.explorercraft.basalt_cobblestone":6,"stat.craftItem.minecraft.stone_axe":1,"stat.pickup.minecraft.name_tag":1,"stat.killEntity.Enderman":1,"stat.mineBlock.minecraft.wooden_slab":1,"stat.mineBlock.explorercraft.marble":16,"stat.pickup.dungeontactics.iron_cluster":142,"stat.craftItem.minecraft.stone_sword":1,"stat.killEntity.Witch":2,"stat.pickup.quark.tallow":25,"stat.craftItem.explorercraft.amethyst_pickaxe":1,"stat.pickup.mod_lavacow.intestine":3,"stat.useItem.minecraft.iron_pickaxe":252,"stat.craftItem.minecraft.wooden_pickaxe":1,"stat.craftItem.dungeontactics.iron_cutlass":1,"stat.craftItem.minecraft.bed":1,"stat.furnaceInteraction":66,"stat.killEntity.ZombieVillager":2,"stat.killEntity.mod_lavacow.mimic":2,"stat.useItem.minecraft.cooked_mutton":9,"stat.pickup.dynamictreesquark.blossomingseed":1,"stat.pickup.minecraft.skull":3,"stat.pickup.tombstone.magic_scroll":2,"stat.pickup.explorercraft.amethyst_axe":1,"stat.craftItem.dungeontactics.iron_plate_boots":1,"stat.pickup.minecraft.emerald":10,"stat.pickup.dynamictrees.oakseed":5,"stat.pickup.dungeontactics.stone_cutlass":2,"stat.craftItem.explorercraft.amethyst_axe":1,"stat.drop.quark.root_flower":1,"stat.deaths":14,"stat.useItem.dungeontactics.stone_cutlass":53,"stat.pickup.minecraft.egg":1,"stat.playOneMinute":225923,"stat.entityKilledBy.grimoireofgaia.dullahan":1,"stat.craftItem.minecraft.iron_pickaxe":2,"stat.drop.minecraft.torch":1,"stat.craftItem.minecraft.cooked_mutton":11,"stat.pickup.dungeontactics.bag_food":1,"stat.pickup.minecraft.cooked_mutton":1,"stat.chestOpened":162,"stat.useItem.minecraft.stone":16,"stat.pickup.minecraft.arrow":10,"stat.useItem.dungeontactics.iron_cutlass":175,"stat.pickup.dungeontactics.bag_ore":1,"stat.pickup.minecraft.gold_nugget":9,"stat.useItem.dungeontactics.stone_battleaxe":31,"stat.fallOneCm":66066,"stat.craftItem.explorercraft.amethyst_sword":1,"stat.crouchOneCm":1740,"stat.mineBlock.minecraft.chest":1,"stat.craftItem.minecraft.chest":1,"stat.craftItem.minecraft.iron_ingot":67,"stat.useItem.quark.root_flower":1,"stat.pickup.minecraft.melon":1,"stat.craftingTableInteraction":48,"stat.mineBlock.minecraft.log2":1,"stat.pickup.minecraft.feather":1,"stat.pickup.minecraft.dye":43,"stat.pickup.minecraft.planks":18,"stat.killEntity.Llama":1,"stat.killEntity.grimoireofgaia.flesh_lich":1,"stat.useItem.minecraft.stone_pickaxe":246,"stat.useItem.minecraft.stone_sword":63,"stat.craftItem.minecraft.iron_leggings":1,"stat.useItem.explorercraft.amethyst_axe":16,"stat.killEntity.grimoireofgaia.bone_knight":1,"stat.mineBlock.minecraft.dirt":24,"stat.useItem.minecraft.torch":32,"stat.pickup.minecraft.iron_nugget":4,"stat.drop.minecraft.rotten_flesh":2,"stat.pickup.minecraft.crafting_table":2,"stat.useItem.minecraft.cobblestone":168,"stat.craftItem.minecraft.crafting_table":1,"stat.mineBlock.quark.stone_speleothem":3,"stat.mineBlock.minecraft.emerald_ore":10,"stat.pickup.minecraft.log":80,"stat.killEntity.grimoireofgaia.gryphon":2,"stat.craftItem.minecraft.gold_ingot":15,"stat.pickup.explorercraft.cherry_sapling":1,"stat.pickup.minecraft.wooden_door":3,"stat.drop.dynamictrees.oakseed":1,"stat.entityKilledBy.Rogue":1,"stat.craftItem.minecraft.planks":100,"stat.pickup.quark.root":1,"stat.pickup.minecraft.stone_sword":1,"stat.pickup.dungeontactics.bag_quiver":1,"stat.craftItem.dungeontactics.iron_shield":1,"stat.craftItem.dungeontactics.stone_cutlass":2,"stat.sneakTime":933,"stat.pickup.minecraft.wool":3,"stat.pickup.minecraft.chest":1,"stat.pickup.minecraft.bone":11,"stat.killEntity.grimoireofgaia.banshee":2,"stat.pickup.dungeontactics.bag_mystery":1,"stat.drop.conarm.book":1,"stat.pickup.explorercraft.basalt_cobblestone":15,"stat.mineBlock.minecraft.cobblestone":16,"stat.useItem.minecraft.log2":1,"stat.useItem.explorercraft.amethyst_pickaxe":298,"stat.entityKilledBy.Witch":1,"stat.craftItem.minecraft.wool":3,"stat.swimOneCm":73055,"stat.mineBlock.quark.roots":7,"stat.useItem.minecraft.dirt":15,"stat.useItem.minecraft.stone_slab2":36,"stat.pickup.minecraft.bow":1,"stat.killEntity.Piranha":7,"stat.mineBlock.explorercraft.cherry_leaves":1,"stat.pickup.minecraft.iron_boots":2,"stat.drop.explorercraft.amethyst_axe":1,"stat.craftItem.minecraft.furnace":1,"stat.killEntity.artifacts.mimic":1,"stat.useItem.minecraft.egg":1,"stat.craftItem.minecraft.iron_boots":1,"stat.craftItem.minecraft.stone_pickaxe":5,"stat.pickup.minecraft.cobblestone":285,"stat.pickup.minecraft.record_chirp":1,"stat.craftItem.minecraft.bow":1,"stat.flyOneCm":325980,"stat.pickup.minecraft.fish":3,"stat.drop.minecraft.wheat_seeds":1,"stat.craftItem.minecraft.wooden_slab":6,"stat.pickup.explorercraft.lamb_shank":5,"stat.pickup.dungeontactics.gold_cluster":25,"stat.pickup.minecraft.redstone":114,"stat.mineBlock.minecraft.iron_ore":143,"stat.timeSinceDeath":5058,"stat.useItem.minecraft.wooden_slab":3,"stat.pickup.minecraft.mutton":4,"stat.pickup.dungeontactics.silver_cluster":1,"stat.craftItem.minecraft.iron_block":3,"stat.useItem.quark.root":1,"stat.pickup.minecraft.chainmail_helmet":1,"stat.useItem.minecraft.cooked_porkchop":27,"stat.drop.dungeontactics.flower_ailment":1,"stat.mineBlock.minecraft.coal_ore":213,"stat.pickup.minecraft.shield":1,"stat.pickup.minecraft.string":8,"stat.pickup.abyssalcraft.nitre":39,"stat.pickup.explorercraft.marble":16,"stat.drop.dungeontactics.cherry_bomb":3,"stat.pickup.tombstone.crafting_ingredient":11,"stat.entityKilledBy.Skeleton":3,"stat.craftItem.minecraft.stone_slab2":0,"stat.sprintOneCm":278912,"stat.craftItem.minecraft.stick":36,"stat.killEntity.abyssalcraft.dreadling":1,"stat.mineBlock.dungeontactics.silver_ore":1,"stat.craftItem.dungeontactics.stone_shield":3,"stat.mineBlock.minecraft.diamond_ore":5,"stat.mineBlock.minecraft.crafting_table":2,"stat.pickup.explorercraft.cherry_log":6,"stat.pickup.dungeontactics.bag_arbour":1,"stat.craftItem.dungeontactics.wooden_shield":2,"stat.entityKilledBy.Creeper":1,"stat.mineBlock.minecraft.planks":2,"stat.drop":15,"stat.killEntity.Sheep":3,"stat.pickup.minecraft.slime_ball":3,"stat.killEntity.Zombie":18,"stat.mineBlock.minecraft.gold_ore":25,"stat.diveOneCm":26882,"stat.pickup.dungeontactics.iron_plate_boots":1,"stat.entityKilledBy.grimoireofgaia.flesh_lich":1,"stat.craftItem.minecraft.cooked_porkchop":27,"stat.mineBlock.abyssalcraft.nitreore":18,"stat.mineBlock.dungeontactics.stonequartz_ore":3,"stat.craftItem.explorercraft.lamb_shank_cooked":5,"stat.pickup.dungeontactics.bag_record":1,"stat.jump":2349,"stat.pickup.minecraft.coal":217,"stat.pickup.minecraft.iron_ingot":4,"stat.pickup.scalinghealth.crystalshard":1,"stat.useItem.minecraft.stone_axe":40,"stat.pickup.minecraft.spider_eye":4,"stat.craftItem.minecraft.torch":36,"stat.pickup.minecraft.dirt":20,"stat.craftItem.minecraft.iron_helmet":1,"stat.pickup.minecraft.diamond_ore":1,"stat.drop.blocklings.blockling":3,"stat.pickup.artifacts.cobalt_shield":1,"stat.pickup.explorercraft.amethyst":26,"stat.mineBlock.minecraft.lapis_ore":6,"stat.useItem.explorercraft.marble":2,"stat.mineBlock.explorercraft.amethyst_ore":28,"stat.damageTaken":8539,"stat.pickup.minecraft.leather":1,"stat.mineBlock.minecraft.torch":5,"stat.useItem.minecraft.wooden_pickaxe":10,"stat.pickup.minecraft.log2":4,"stat.useItem.dungeontactics.cherry_bomb":7,"stat.killEntity.CaveSpider":2,"tombstone:undead_killed":34,"stat.entityKilledBy.Zombie":1,"stat.pickup.minestrapp.m_mob_loot":2,"stat.mineBlock.explorercraft.basalt":17,"stat.damageDealt":20345,"stat.sleepInBed":1,"stat.craftItem.minecraft.anvil":1,"stat.mineBlock.quark.roots_blue_flower":2,"stat.killEntity.Pig":14,"stat.walkOneCm":517108,"stat.pickup.dynamictrees.birchseed":2,"stat.pickup.minecraft.stick":42,"stat.craftItem.quark.custom_chest":1,"stat.entityKilledBy.grimoireofgaia.banshee":1,"stat.pickup.minecraft.spectral_arrow":6,"stat.pickup.mod_lavacow.mimic_claw":3,"stat.pickup.dungeontactics.flower_ailment":1,"stat.pickup.quark.root_flower":5,"stat.useItem.tombstone.gift":1,"stat.pickup.minecraft.stone":10,"stat.craftItem.dungeontactics.stone_battleaxe":1,"stat.craftItem.minecraft.iron_chestplate":1,"stat.killEntity.grimoireofgaia.dullahan":2,"stat.mineBlock.scalinghealth.crystalore":1,"stat.pickup.minecraft.ender_pearl":1,"stat.pickup.minecraft.gold_ingot":5,"stat.killEntity.Skeleton":8,"stat.killEntity.Spider":5,"stat.mineBlock.explorercraft.cherry_log":6,"stat.pickup.abyssalcraft.dreadfragment":2,"stat.killEntity.quark:dweller":1,"stat.mobKills":79,"stat.pickup.minecraft.quartz":3,"stat.pickup.minecraft.diamond":5,"stat.pickup.minecraft.beetroot_seeds":4,"stat.pickup.minecraft.torch":7,"stat.mineBlock.minecraft.redstone_ore":25,"stat.mineBlock.minecraft.stone":273}