{"stat.useItem.minecraft.bow":5,"stat.mineBlock.explorercraft.basalt_cobblestone":1,"stat.pickup.minecraft.bone":10,"stat.pickup.weeping-angels.kontron_ingot":14,"stat.leaveGame":1,"stat.pickup.explorercraft.basalt_cobblestone":6,"stat.mineBlock.minecraft.cobblestone":84,"stat.pickup.minecraft.stone_pickaxe":1,"stat.pickup.minecraft.flint":4,"stat.pickup.grimoireofgaia.misc_soul_fire":4,"stat.pickup.minecraft.leather_chestplate":1,"stat.pickup.dungeontactics.cherry_bomb":1,"stat.pickup.dungeontactics.iron_knife":1,"stat.swimOneCm":33053,"stat.climbOneCm":885,"stat.useItem.minecraft.planks":1,"stat.mineBlock.minecraft.web":2,"stat.mineBlock.minecraft.spruce_stairs":6,"stat.drop.minecraft.feather":1,"stat.pickup.minecraft.cooked_porkchop":5,"stat.pickup.minecraft.porkchop":7,"stat.mineBlock.quark.roots":2,"stat.useItem.minecraft.stone_slab2":63,"stat.pickup.minecraft.bow":2,"stat.pickup.minecraft.rotten_flesh":6,"stat.pickup.moremobss.goatwool":5,"stat.pickup.minecraft.diamond_horse_armor":1,"stat.craftItem.minecraft.furnace":3,"stat.pickup.dungeontactics.flower_bramble":3,"stat.useItem.minecraft.egg":1,"stat.useItem.explorercraft.basalt_cobblestone":1,"stat.craftItem.minecraft.iron_boots":1,"stat.pickup.minecraft.coal_ore":1,"stat.craftItem.minecraft.stone_pickaxe":3,"stat.craftItem.minecraft.cooked_beef":10,"stat.pickup.minecraft.cobblestone":469,"stat.mineBlock.minecraft.carpet":13,"stat.mineBlock.explorercraft.marble":6,"stat.mineBlock.minecraft.clay":1,"stat.pickup.futuremc.sweet_berries":34,"stat.pickup.dungeontactics.iron_cluster":103,"stat.useItem.minecraft.stone_shovel":68,"stat.craftItem.minecraft.stone_sword":1,"stat.flyOneCm":167547,"stat.pickup.dynamictrees.spruceseed":13,"stat.killEntity.Witch":1,"stat.useItem.minecraft.cooked_beef":7,"stat.pickup.explorercraft.lamb_shank":11,"stat.pickup.dungeontactics.gold_cluster":18,"stat.pickup.quark.tallow":17,"stat.pickup.minecraft.redstone":21,"stat.mineBlock.minecraft.iron_ore":105,"stat.timeSinceDeath":25868,"stat.useItem.minecraft.iron_pickaxe":538,"stat.pickup.minecraft.mutton":12,"stat.pickup.dungeontactics.silver_cluster":3,"stat.pickup.dungeontactics.bush_incindiberry":1,"stat.craftItem.wearablebackpacks.backpack":2,"stat.mineBlock.dungeontactics.bush_incindiberry":1,"stat.pickup.dungeontactics.mushroom_iron":1,"stat.furnaceInteraction":40,"stat.useItem.explorercraft.jade_axe":89,"stat.pickup.minecraft.carpet":26,"stat.mineBlock.quark.slate":86,"stat.pickup.endreborn.item_shard_obsidian":2,"stat.mineBlock.minecraft.coal_ore":140,"stat.pickup.minecraft.shield":1,"stat.talkedToVillager":23,"stat.pickup.minecraft.string":8,"stat.craftItem.futuremc.lantern":2,"stat.pickup.explorercraft.marble":6,"stat.killEntity.mod_lavacow.mimic":1,"stat.pickup.minecraft.beef":10,"stat.pickup.minecraft.furnace":3,"stat.craftItem.minecraft.stone_slab2":0,"stat.pickup.quark.stone_slate_slab":6,"stat.craftItem.explorercraft.jade_axe":1,"stat.pickup.minecraft.leather_helmet":1,"stat.sprintOneCm":218371,"stat.mineBlock.minecraft.stone_slab":19,"stat.useItem.minecraft.stone_stairs":17,"stat.craftItem.minecraft.stick":16,"stat.useItem.minecraft.stone_slab":19,"stat.mineBlock.dungeontactics.silver_ore":3,"stat.pickup.minecraft.stone_stairs":18,"stat.craftItem.dungeontactics.stone_shield":2,"stat.pickup.dungeontactics.stone_shield":2,"stat.mineBlock.minecraft.crafting_table":4,"stat.mineBlock.weeping-angels.kontron_ore":7,"stat.pickup.minecraft.emerald":7,"stat.pickup.minecraft.leather_leggings":2,"stat.craftItem.dungeontactics.wooden_shield":2,"stat.entityKilledBy.Creeper":1,"stat.pickup.endreborn.catalyst":1,"stat.mineBlock.minecraft.planks":2,"stat.deaths":4,"stat.drop":6,"stat.pickup.minecraft.egg":4,"stat.playOneMinute":170863,"stat.killEntity.Sheep":6,"stat.craftItem.minecraft.iron_pickaxe":2,"stat.pickup.minecraft.golden_chestplate":2,"stat.killEntity.Zombie":6,"stat.craftItem.minecraft.dye":2,"stat.pickup.dungeontactics.magic_powder":1,"stat.mineBlock.minecraft.gold_ore":18,"stat.craftItem.minecraft.cooked_mutton":12,"stat.mineBlock.minecraft.tallgrass":6,"stat.diveOneCm":13944,"stat.pickup.minecraft.cooked_mutton":16,"stat.chestOpened":178,"stat.pickup.minecraft.spruce_door":1,"stat.pickup.minecraft.gravel":76,"stat.pickup.minecraft.arrow":14,"stat.drop.dungeontactics.iron_cutlass":1,"stat.craftItem.minecraft.cooked_porkchop":14,"stat.pickup.minecraft.stone_axe":1,"stat.killEntity.grimoireofgaia.cyan_flower":1,"stat.useItem.dungeontactics.iron_cutlass":136,"stat.pickup.dungeontactics.bag_ore":1,"stat.mineBlock.dungeontactics.stonequartz_ore":2,"stat.pickup.minecraft.obsidian":5,"stat.pickup.minecraft.gold_nugget":2,"stat.useItem.minecraft.carpet":3,"stat.drop.minecraft.iron_pickaxe":1,"stat.craftItem.minecraft.iron_nugget":18,"stat.jump":1820,"stat.pickup.futuremc.lantern":2,"stat.pickup.minecraft.coal":210,"stat.pickup.minecraft.iron_helmet":1,"stat.fallOneCm":34033,"stat.pickup.minecraft.iron_ingot":8,"stat.pickup.dungeontactics.ducttape":2,"stat.pickup.scalinghealth.crystalshard":2,"stat.drop.minecraft.dye":1,"stat.useItem.minecraft.stone_axe":43,"stat.pickup.quark.slate":86,"stat.pickup.dungeontactics.stone_plate_greaves":3,"stat.crouchOneCm":87,"stat.mineBlock.minecraft.chest":3,"stat.pickup.minecraft.rail":14,"stat.killEntity.goat":2,"stat.craftItem.minecraft.chest":2,"stat.craftItem.minecraft.iron_ingot":16,"stat.pickup.dungeontactics.iron_cutlass":2,"stat.pickup.minecraft.dirt":70,"stat.drop.futuremc.sweet_berries":2,"stat.craftingTableInteraction":38,"stat.pickup.explorercraft.amethyst":4,"stat.mineBlock.minecraft.glass_pane":5,"stat.mineBlock.explorercraft.amethyst_ore":4,"stat.mineBlock.minecraft.stone_stairs":18,"stat.damageTaken":4171,"stat.pickup.minecraft.feather":3,"stat.pickup.minecraft.leather":17,"stat.useItem.futuremc.sweet_berries":24,"stat.pickup.dungeontactics.iron_shield":1,"stat.mineBlock.minecraft.furnace":2,"stat.mineBlock.minecraft.torch":12,"stat.mineBlock.minecraft.red_flower":1,"stat.entityKilledBy.grimoireofgaia.nine_tails":1,"stat.pickup.dungeontactics.bush_cherrybomb":2,"stat.mineBlock.dungeontactics.flower_bramble":1,"stat.pickup.minecraft.planks":160,"stat.useItem.dungeontactics.cherry_bomb":1,"stat.killEntity.Llama":2,"stat.pickup.minecraft.bed":3,"stat.pickup.minecraft.wheat_seeds":2,"stat.mineBlock.dungeontactics.bush_cherrybomb":1,"stat.pickup.minecraft.potato":1,"stat.mineBlock.minecraft.gravel":72,"stat.useItem.minecraft.stone_pickaxe":393,"stat.useItem.minecraft.stone_sword":17,"stat.mineBlock.explorercraft.basalt":5,"stat.damageDealt":11629,"stat.pickup.explorercraft.ruby":1,"stat.sleepInBed":9,"stat.killEntity.Cow":6,"stat.mineBlock.quark.roots_blue_flower":1,"stat.mineBlock.minecraft.dirt":17,"stat.killEntity.Pig":3,"stat.useItem.quark.stone_slate_slab":2,"stat.craftItem.minecraft.leather":1,"stat.craftItem.minecraft.stone_slab":6,"stat.craftItem.minecraft.stone_shovel":1,"stat.walkOneCm":501508,"stat.useItem.minecraft.torch":43,"stat.useItem.minecraft.bread":12,"stat.useItem.minecraft.chest":2,"stat.pickup.minecraft.stick":146,"stat.pickup.minecraft.iron_nugget":8,"stat.craftItem.minecraft.stone_stairs":8,"stat.pickup.minecraft.crafting_table":4,"stat.pickup.minecraft.clay_ball":4,"stat.useItem.minecraft.cobblestone":154,"stat.useItem.minecraft.gravel":11,"stat.mineBlock.minecraft.double_plant":1,"stat.mineBlock.quark.stone_speleothem":12,"stat.mineBlock.minecraft.emerald_ore":2,"stat.pickup.minecraft.log":105,"stat.pickup.minecraft.iron_pickaxe":4,"stat.pickup.quark.root_flower":1,"stat.useItem.minecraft.spruce_stairs":3,"stat.pickup.minecraft.stone":13,"stat.pickup.minecraft.chicken":1,"stat.killEntity.grimoireofgaia.nine_tails":1,"stat.mineBlock.scalinghealth.crystalore":2,"stat.pickup.wearablebackpacks.backpack":2,"stat.pickup.minecraft.cooked_beef":10,"stat.pickup.minecraft.banner":3,"stat.pickup.minecraft.gold_ingot":3,"stat.mineBlock.futuremc.lantern":1,"stat.killEntity.Skeleton":5,"stat.entityKilledBy.quark:dweller":1,"stat.useItem.quark.slate":2,"stat.craftItem.minecraft.planks":32,"stat.killEntity.Chicken":1,"stat.killEntity.Spider":1,"stat.pickup.minecraft.bread":1,"stat.pickup.minecraft.stone_sword":1,"stat.pickup.explorercraft.lamb_shank_cooked":11,"stat.mobKills":40,"stat.pickup.minecraft.book":15,"stat.mineBlock.minecraft.bookshelf":4,"stat.pickup.minecraft.quartz":2,"stat.pickup.minecraft.diamond":4,"stat.craftItem.quark.stone_slate_slab":6,"stat.mineBlock.dungeontactics.dungeon_glass":2,"stat.pickup.minecraft.iron_horse_armor":1,"stat.craftItem.dungeontactics.iron_shield":1,"stat.pickup.minecraft.torch":24,"stat.pickup.minecraft.spruce_stairs":6,"stat.pickup.minecraft.red_flower":2,"stat.pickup.dungeontactics.wooden_shield":1,"stat.mineBlock.minecraft.redstone_ore":5,"stat.sneakTime":333,"stat.pickup.minecraft.wool":11,"stat.pickup.minecraft.stone_slab":27,"stat.pickup.minecraft.yellow_flower":1,"stat.mineBlock.minecraft.stone":382,"stat.pickup.minecraft.golden_rail":2,"stat.pickup.minecraft.chest":5}