{"stat.chestOpened":37,"stat.pickup.minecraft.spruce_door":1,"stat.leaveGame":1,"stat.pickup.minecraft.arrow":2,"stat.mineBlock.minecraft.cobblestone":20,"stat.drop.dungeontactics.iron_cutlass":1,"stat.pickup.minecraft.stone_axe":1,"stat.useItem.dungeontactics.iron_cutlass":74,"stat.pickup.grimoireofgaia.misc_soul_fire":2,"stat.pickup.dungeontactics.cherry_bomb":1,"stat.pickup.minecraft.gold_nugget":1,"stat.useItem.minecraft.carpet":3,"stat.jump":366,"stat.swimOneCm":9879,"stat.pickup.minecraft.coal":61,"stat.fallOneCm":11158,"stat.useItem.minecraft.planks":1,"stat.climbOneCm":415,"stat.mineBlock.minecraft.spruce_stairs":4,"stat.drop.minecraft.feather":1,"stat.useItem.minecraft.stone_axe":28,"stat.pickup.dungeontactics.stone_plate_greaves":3,"stat.crouchOneCm":3,"stat.mineBlock.minecraft.chest":1,"stat.pickup.minecraft.rail":7,"stat.killEntity.goat":2,"stat.craftItem.minecraft.chest":2,"stat.pickup.dungeontactics.iron_cutlass":1,"stat.pickup.minecraft.dirt":55,"stat.useItem.minecraft.stone_slab2":18,"stat.craftingTableInteraction":11,"stat.pickup.moremobss.goatwool":4,"stat.craftItem.minecraft.furnace":1,"stat.useItem.minecraft.egg":1,"stat.mineBlock.minecraft.glass_pane":1,"stat.mineBlock.minecraft.stone_stairs":3,"stat.damageTaken":1745,"stat.pickup.minecraft.feather":2,"stat.pickup.minecraft.leather":7,"stat.useItem.futuremc.sweet_berries":1,"stat.mineBlock.minecraft.furnace":1,"stat.craftItem.minecraft.stone_pickaxe":1,"stat.entityKilledBy.grimoireofgaia.nine_tails":1,"stat.pickup.minecraft.cobblestone":33,"stat.mineBlock.minecraft.carpet":10,"stat.pickup.minecraft.planks":58,"stat.useItem.dungeontactics.cherry_bomb":1,"stat.pickup.futuremc.sweet_berries":1,"stat.killEntity.Llama":2,"stat.flyOneCm":46927,"stat.pickup.minecraft.bed":2,"stat.pickup.dynamictrees.spruceseed":6,"stat.useItem.minecraft.stone_pickaxe":68,"stat.useItem.minecraft.cooked_beef":6,"stat.pickup.quark.tallow":3,"stat.damageDealt":3598,"stat.sleepInBed":3,"stat.timeSinceDeath":6387,"stat.mineBlock.minecraft.dirt":16,"stat.pickup.minecraft.mutton":4,"stat.craftItem.minecraft.stone_slab":6,"stat.walkOneCm":135412,"stat.pickup.minecraft.stick":31,"stat.pickup.minecraft.iron_nugget":3,"stat.pickup.minecraft.crafting_table":3,"stat.useItem.minecraft.cobblestone":25,"stat.furnaceInteraction":4,"stat.mineBlock.minecraft.double_plant":1,"stat.pickup.minecraft.carpet":17,"stat.mineBlock.minecraft.coal_ore":31,"stat.talkedToVillager":18,"stat.pickup.minecraft.log":22,"stat.pickup.minecraft.string":1,"stat.killEntity.mod_lavacow.mimic":1,"stat.pickup.minecraft.iron_pickaxe":1,"stat.pickup.minecraft.furnace":1,"stat.useItem.minecraft.spruce_stairs":2,"stat.pickup.minecraft.chicken":1,"stat.killEntity.grimoireofgaia.nine_tails":1,"stat.sprintOneCm":61889,"stat.mineBlock.minecraft.stone_slab":1,"stat.useItem.minecraft.stone_stairs":2,"stat.craftItem.minecraft.stick":8,"stat.pickup.minecraft.gold_ingot":2,"stat.killEntity.Skeleton":1,"stat.useItem.minecraft.stone_slab":3,"stat.craftItem.minecraft.planks":24,"stat.pickup.minecraft.stone_stairs":3,"stat.killEntity.Chicken":1,"stat.craftItem.dungeontactics.stone_shield":1,"stat.mineBlock.minecraft.crafting_table":3,"stat.mobKills":10,"stat.pickup.minecraft.book":3,"stat.mineBlock.minecraft.bookshelf":1,"stat.craftItem.dungeontactics.wooden_shield":1,"stat.entityKilledBy.Creeper":1,"stat.mineBlock.minecraft.planks":2,"stat.deaths":2,"stat.drop":2,"stat.pickup.minecraft.egg":1,"stat.playOneMinute":48463,"stat.pickup.minecraft.spruce_stairs":4,"stat.sneakTime":47,"stat.pickup.minecraft.golden_chestplate":2,"stat.killEntity.Zombie":2,"stat.pickup.minecraft.stone_slab":1,"stat.pickup.minecraft.yellow_flower":1,"stat.mineBlock.minecraft.stone":12,"stat.craftItem.minecraft.cooked_mutton":4,"stat.diveOneCm":6613,"stat.pickup.minecraft.cooked_mutton":4,"stat.pickup.minecraft.chest":2}