{"stat.useItem.minecraft.bow":1646,"stat.mineBlock.quark.roots_white_flower":1,"stat.pickup.explorercraft.amethyst_sword":2,"stat.mineBlock.explorercraft.basalt_cobblestone":18,"stat.pickup.minecraft.wooden_slab":1,"stat.leaveGame":14,"stat.drop.bountiful.bounty":4,"stat.pickup.dungeontactics.nethergold_ore":1,"stat.killEntity.PigZombie":7,"stat.pickup.grimoireofgaia.weapon_fan_fire":1,"stat.craftItem.minecraft.shield":1,"stat.mineBlock.minecraft.web":32,"stat.drop.dungeontactics.fire_starter":1,"stat.drop.minecraft.feather":1,"stat.mineBlock.minecraft.birch_fence_gate":1,"stat.pickup.minecraft.rotten_flesh":692,"stat.pickup.mod_lavacow.parasite_item":10,"stat.pickup.mod_lavacow.bonesword":1,"stat.useItem.explorercraft.basalt_cobblestone":60,"stat.useItem.dungeontactics.iron_knife":11,"stat.pickup.minecraft.cobblestone_wall":7,"stat.pickup.minecraft.bucket":14,"stat.mineBlock.minecraft.wooden_slab":1,"stat.pickup.minecraft.leather_boots":20,"stat.pickup.dungeontactics.iron_cluster":288,"stat.killEntity.Witch":4,"stat.mineBlock.minecraft.end_stone":3,"stat.pickup.quark.tallow":93,"stat.useItem.dungeontactics.silver_ore":1,"stat.useItem.minecraft.iron_pickaxe":858,"stat.pickup.mod_lavacow.intestine":28,"stat.craftItem.minecraft.wooden_pickaxe":1,"stat.pickup.minecraft.double_plant":1,"stat.craftItem.minecraft.bed":2,"stat.craftItem.minecraft.glass_pane":32,"stat.mineBlock.minecraft.vine":1,"stat.pickup.minecraft.record_far":1,"stat.pickup.minecraft.wooden_shovel":3,"stat.furnaceInteraction":300,"stat.useItem.explorercraft.jade_axe":459,"stat.mineBlock.quark.slate":194,"stat.killEntity.grimoireofgaia.ender_eye":1,"stat.killEntity.ZombieVillager":2,"stat.craftItem.dungeontactics.lantern_iron":1,"stat.drop.minecraft.red_flower":1,"stat.pickup.explorercraft.jade_boots":1,"stat.killEntity.mod_lavacow.mimic":7,"stat.pickup.minecraft.beef":36,"stat.craftItem.explorercraft.jade_axe":1,"stat.pickup.minecraft.leather_helmet":6,"stat.craftItem.futuremc.dye":2,"stat.pickup.minecraft.potion":7,"stat.pickup.minecraft.emerald":12,"stat.pickup.dynamictrees.oakseed":1,"stat.deaths":27,"stat.pickup.minecraft.egg":10,"stat.pickup.minecraft.clock":1,"stat.craftItem.minecraft.iron_pickaxe":4,"stat.pickup.minecraft.glass_pane":20,"stat.drop.minecraft.torch":47,"stat.drop.minecraft.glass_bottle":1,"stat.craftItem.minecraft.cooked_mutton":23,"stat.mineBlock.minecraft.tallgrass":17,"stat.pickup.dungeontactics.bag_food":14,"stat.pickup.minecraft.cooked_mutton":24,"stat.useItem.mod_lavacow.parasite_item_cooked":2,"stat.chestOpened":891,"stat.useItem.minecraft.splash_potion":1,"stat.mineBlock.quark.slate_wall":11,"stat.drop.minecraft.quartz_ore":2,"stat.useItem.dungeontactics.bush_cherrybomb":1,"stat.useItem.minecraft.stone":237,"stat.pickup.minecraft.arrow":1507,"stat.pickup.minecraft.iron_sword":1,"stat.killEntity.grimoireofgaia.cyan_flower":4,"stat.pickup.dungeontactics.bag_ore":18,"stat.killEntity.grimoireofgaia.cecaelia":8,"stat.pickup.minecraft.gold_nugget":15,"stat.craftItem.minecraft.coal":3,"stat.drop.minecraft.iron_pickaxe":1,"stat.useItem.endreborn.block_entropy_end_stone":1,"stat.pickup.futuremc.lantern":16,"stat.craftItem.explorercraft.amethyst_sword":2,"stat.pickup.minecraft.carrot":11,"stat.crouchOneCm":10061,"stat.mineBlock.minecraft.chest":9,"stat.pickup.minecraft.rail":25,"stat.killEntity.goat":3,"stat.craftItem.minecraft.iron_ingot":290,"stat.drop.dungeontactics.incindiberry":1,"stat.craftingTableInteraction":224,"stat.useItem.minecraft.emerald_ore":1,"stat.pickup.minecraft.wooden_pickaxe":8,"stat.mineBlock.minecraft.log2":2,"stat.useItem.futuremc.sweet_berries":98,"stat.useItem.minecraft.reeds":9,"stat.pickup.minecraft.dye":41,"stat.pickup.minecraft.planks":644,"stat.pickup.minecraft.wheat_seeds":18,"stat.pickup.explorercraft.ruby":1,"stat.mineBlock.minecraft.dirt":424,"stat.craftItem.dungeontactics.silver_ingot":16,"stat.pickup.minecraft.poisonous_potato":2,"stat.mineBlock.quark.biome_cobblestone":2,"stat.useItem.minecraft.bread":53,"stat.drop.minecraft.rotten_flesh":2,"stat.useItem.minecraft.cobblestone":1334,"stat.craftItem.minecraft.leather_boots":1,"stat.pickup.futuremc.dye":2,"stat.useItem.minecraft.gravel":19,"stat.mineBlock.minecraft.double_plant":3,"stat.killEntity.grimoireofgaia.oni":9,"stat.pickup.tconstruct.pickaxe":2,"stat.craftItem.explorercraft.jade_sword":1,"stat.pickup.minecraft.golden_hoe":1,"stat.craftItem.quark.slate_wall":18,"stat.pickup.explorercraft.amethyst_helmet":1,"stat.killEntity.goblin2":5,"stat.pickup.minecraft.iron_pickaxe":18,"stat.pickup.futuremc.blast_furnace":1,"stat.craftItem.minecraft.gold_ingot":44,"stat.drop.minecraft.sapling":2,"stat.pickup.minecraft.chicken":1,"stat.pickup.minecraft.tipped_arrow":134,"stat.pickup.wearablebackpacks.backpack":8,"stat.pickup.minecraft.apple":13,"stat.pickup.minecraft.banner":6,"stat.useItem.minecraft.glass_pane":27,"stat.pickup.minecraft.end_stone":3,"stat.mineBlock.futuremc.lantern":11,"stat.craftItem.minecraft.bucket":3,"stat.craftItem.minecraft.planks":448,"stat.useItem.minecraft.iron_sword":353,"stat.pickup.futuremc.cornflower":2,"stat.itemEnchanted":5,"stat.pickup.minecraft.stone_sword":22,"stat.craftItem.minecraft.fishing_rod":1,"stat.pickup.minecraft.book":33,"stat.useItem.minecraft.stonebrick":32,"stat.mineBlock.minecraft.log":205,"stat.pickup.quark.stone_granite_slab":3,"stat.useItem.minecraft.spruce_door":11,"stat.craftItem.quark.stone_slate_slab":6,"stat.mineBlock.dungeontactics.dungeon_glass":2,"stat.pickup.quark.slate_wall":11,"stat.craftItem.minecraft.paper":3,"stat.pickup.dungeontactics.bag_quiver":15,"stat.pickup.minecraft.red_flower":12,"stat.pickup.dungeontactics.wooden_shield":1,"stat.pickup.mod_lavacow.mimic_claw_cooked":1,"stat.pickup.minecraft.wool":48,"stat.pickup.minecraft.cooked_fish":1,"stat.useItem.futuremc.lantern":1,"stat.craftItem.minecraft.spruce_door":6,"stat.cakeSlicesEaten":7,"stat.craftItem.minecraft.diamond_leggings":1,"stat.mineBlock.minecraft.acacia_stairs":2,"stat.useItem.minecraft.iron_axe":114,"stat.pickup.explorercraft.basalt_cobblestone":97,"stat.pickup.antiqueatlas.empty_antique_atlas":1,"stat.mineBlock.minecraft.cobblestone":522,"stat.useItem.explorercraft.amethyst_pickaxe":2056,"stat.pickup.minecraft.stone_pickaxe":24,"stat.pickup.minecraft.flint":8,"stat.pickup.minecraft.leather_chestplate":20,"stat.craftItem.minecraft.wool":1,"stat.bountiesRare":1,"stat.pickup.minecraft.enchanted_book":28,"stat.pickup.minecraft.cooked_porkchop":19,"stat.craftItem.explorercraft.ruby_chestplate":1,"stat.useItem.minecraft.stone_slab2":496,"stat.pickup.minecraft.bow":74,"stat.pickup.minecraft.iron_boots":3,"stat.pickup.minecraft.diamond_horse_armor":1,"stat.craftItem.minecraft.furnace":10,"stat.pickup.dungeontactics.iron_battleaxe":1,"stat.pickup.minecraft.golden_axe":11,"stat.useItem.minecraft.egg":4,"stat.craftItem.minecraft.iron_boots":6,"stat.pickup.minecraft.coal_ore":3,"stat.craftItem.minecraft.cooked_beef":16,"stat.pickup.minecraft.record_chirp":1,"stat.craftItem.minecraft.bow":1,"stat.mineBlock.minecraft.clay":2,"stat.pickup.minecraft.diamond_hoe":1,"stat.pickup.futuremc.sweet_berries":95,"stat.flyOneCm":1069254,"stat.drop.explorercraft.amethyst_sword":1,"stat.timeSinceDeath":494918,"stat.pickup.minecraft.quartz_ore":9,"stat.pickup.dungeontactics.magic_scroll":11,"stat.useItem.minecraft.wooden_slab":5,"stat.pickup.dungeontactics.silver_cluster":21,"stat.craftItem.minecraft.iron_block":9,"stat.killEntity.Bat":6,"stat.killEntity.mod_lavacow.parasite":43,"stat.useItem.minecraft.potato":1,"stat.pickup.dungeontactics.ration_standard":2,"stat.mineBlock.dungeontactics.bush_incindiberry":1,"stat.pickup.minecraft.chainmail_helmet":17,"stat.pickup.endreborn.item_shard_obsidian":6,"stat.mineBlock.minecraft.coal_ore":420,"stat.pickup.minecraft.shield":10,"stat.killEntity.Creeper":13,"stat.talkedToVillager":30,"stat.pickup.minecraft.wooden_sword":35,"stat.pickup.minecraft.string":129,"stat.pickup.explorercraft.marble":90,"stat.mineBlock.dungeontactics.lantern_iron":3,"stat.entityKilledBy.Skeleton":8,"stat.pickup.quark.stone_slate_slab":9,"stat.drop.mod_lavacow.parasite_item_cooked":1,"stat.killEntity.Squid":1,"stat.sprintOneCm":1349487,"stat.mineBlock.minecraft.stone_slab":66,"stat.craftItem.minecraft.wooden_axe":1,"stat.pickup.quark.elder_prismarine":2,"stat.mineBlock.dungeontactics.silver_ore":18,"stat.craftItem.dungeontactics.stone_shield":5,"stat.mineBlock.minecraft.diamond_ore":7,"stat.pickup.dungeontactics.stone_shield":2,"stat.pickup.minecraft.leather_leggings":15,"stat.pickup.dungeontactics.ration_iron":1,"stat.craftItem.explorercraft.amethyst_boots":1,"stat.craftItem.dungeontactics.silver_cestus":1,"stat.craftItem.minecraft.leather_chestplate":2,"stat.pickup.dungeontactics.mortar&pestle":1,"stat.useItem.minecraft.wooden_sword":14,"stat.useItem.minecraft.diamond_ore":2,"stat.killEntity.Zombie":514,"stat.craftItem.minecraft.dye":101,"stat.killEntity.mod_lavacow.unburied":2,"stat.pickup.dungeontactics.magic_powder":50,"stat.mineBlock.minecraft.gold_ore":37,"stat.diveOneCm":139825,"stat.drop.minecraft.diamond_pickaxe":1,"stat.pickup.dungeontactics.magic_pouch":5,"stat.craftItem.minecraft.cooked_porkchop":39,"stat.pickup.minecraft.stone_axe":18,"stat.bountiesUncommon":3,"stat.pickup.mod_lavacow.foul_bristle":20,"stat.pickup.minecraft.obsidian":7,"stat.craftItem.explorercraft.lamb_shank_cooked":1,"stat.killEntity.grimoireofgaia.vase":1,"stat.mineBlock.mod_lavacow.veil_shroom":1,"stat.craftItem.minecraft.diamond_sword":2,"stat.jump":13598,"stat.pickup.minecraft.coal":930,"stat.pickup.minecraft.iron_ingot":16,"stat.pickup.dungeontactics.ducttape":6,"stat.drop.minecraft.diamond_sword":1,"stat.pickup.minecraft.gunpowder":33,"stat.craftItem.minecraft.torch":268,"stat.pickup.dungeontactics.iron_cutlass":3,"stat.pickup.minecraft.dirt":682,"stat.useItem.minecraft.coal_ore":1,"stat.drop.futuremc.sweet_berries":2,"stat.pickup.minecraft.gold_ore":8,"stat.mineBlock.minecraft.lapis_ore":3,"stat.entityKilledBy.grimoireofgaia.oni":1,"stat.pickup.minecraft.iron_axe":4,"stat.craftItem.futuremc.grindstone":1,"stat.mineBlock.minecraft.glass_pane":21,"stat.damageTaken":35608,"stat.useItem.minecraft.stone_brick_stairs":5,"stat.mineBlock.minecraft.torch":101,"stat.mineBlock.minecraft.red_flower":6,"stat.mineBlock.dungeontactics.flower_bramble":1,"stat.pickup.minecraft.log2":21,"stat.entityKilledBy.ZombieVillager":1,"stat.pickup.minecraft.bed":12,"stat.pickup.minecraft.potato":40,"stat.pickup.dungeontactics.magic_tether":1,"stat.entityKilledBy.Zombie":3,"stat.mineBlock.explorercraft.basalt":81,"stat.killEntity.Silverfish":227,"stat.useItem.quark.stone_slate_slab":5,"stat.craftItem.minecraft.stone_slab":48,"stat.useItem.minecraft.chest":5,"stat.pickup.minecraft.diamond_pickaxe":3,"stat.useItem.minecraft.gold_ore":1,"stat.pickup.mod_lavacow.mimic_claw":1,"stat.pickup.explorercraft.amethyst_pickaxe":2,"stat.useItem.minecraft.birch_fence_gate":4,"stat.craftItem.minecraft.iron_chestplate":8,"stat.pickup.minecraft.baked_potato":1,"stat.pickup.scalinghealth.heartcontainer":38,"stat.pickup.bountiful.bounty":14,"stat.mineBlock.scalinghealth.crystalore":4,"stat.pickup.minecraft.ender_pearl":11,"stat.pickup.dungeontactics.silver_ore":2,"stat.pickup.minecraft.cooked_beef":39,"stat.pickup.explorercraft.dried_fruits":3,"stat.useItem.minecraft.netherrack":223,"stat.mineBlock.minecraft.stonebrick":124,"stat.mineBlock.netherex.lively_netherrack":72,"stat.killEntity.grimoireofgaia.harpy":6,"stat.killEntity.quark:dweller":1,"stat.mobKills":2076,"stat.pickup.minecraft.diamond_boots":2,"stat.mineBlock.minecraft.bookshelf":4,"stat.pickup.quark.spruce_trapdoor":40,"stat.useItem.minecraft.cobblestone_wall":4,"stat.pickup.minecraft.diamond":12,"stat.pickup.minecraft.iron_horse_armor":1,"stat.pickup.minecraft.beetroot_seeds":6,"stat.bountiesCompleted":10,"stat.pickup.minecraft.torch":180,"stat.entityKilledBy.Silverfish":6,"stat.useItem.explorercraft.jade_sword":128,"stat.craftItem.minecraft.compass":2,"stat.killEntity.grimoireofgaia.cyclops":1,"stat.pickup.mod_lavacow.kings_crown":1,"stat.pickup.dungeontactics.bag_magic":9,"stat.useItem.minecraft.bookshelf":25,"stat.pickup.minecraft.record_stal":3,"stat.pickup.grimoireofgaia.misc_soul_fire":9,"stat.pickup.dungeontactics.cherry_bomb":13,"stat.pickup.dungeontactics.iron_knife":1,"stat.useItem.explorercraft.amethyst_sword":1627,"stat.pickup.mod_lavacow.cursed_fabric":13,"stat.craftItem.explorercraft.amethyst_helmet":1,"stat.pickup.minecraft.fishing_rod":3,"stat.pickup.dungeontactics.fire_starter":1,"stat.useItem.minecraft.planks":114,"stat.mineBlock.netherex.amethyst_ore":14,"stat.pickup.minecraft.golden_boots":5,"stat.pickup.minecraft.glowstone_dust":1,"stat.pickup.minecraft.porkchop":29,"stat.pickup.minecraft.glass":54,"stat.pickup.tconstruct.slimesling":2,"stat.useItem.minecraft.water_bucket":21,"stat.mineBlock.minecraft.stone_brick_stairs":4,"stat.pickup.minecraft.sand":208,"stat.useItem.dungeontactics.fire_starter":3,"stat.entityKilledBy.Spider":2,"stat.pickup.minecraft.splash_potion":5,"stat.pickup.minecraft.name_tag":2,"stat.drop.minecraft.splash_potion":1,"stat.pickup.minecraft.wooden_hoe":4,"stat.mineBlock.explorercraft.marble":76,"stat.pickup.artifacts.power_glove":1,"stat.craftItem.minecraft.stone_sword":2,"stat.pickup.dynamictrees.spruceseed":43,"stat.pickup.minecraft.chainmail_chestplate":10,"stat.mineBlock.minecraft.sand":222,"stat.pickup.quark.rune":1,"stat.craftItem.explorercraft.amethyst_pickaxe":5,"stat.drop.dynamictrees.spruceseed":4,"stat.craftItem.minecraft.elytra":1,"stat.useItem.minecraft.fence_gate":1,"stat.pickup.dungeontactics.bush_incindiberry":1,"stat.craftItem.wearablebackpacks.backpack":5,"stat.pickup.mod_lavacow.ectoplasm":25,"stat.killEntity.stonegolem":2,"stat.craftItem.minecraft.acacia_stairs":8,"stat.mineBlock.futuremc.cornflower":2,"stat.pickup.grimoireofgaia.food_coalfish":1,"stat.pickup.moremobss.vampirefang":4,"stat.pickup.minecraft.furnace":14,"stat.useItem.minecraft.cooked_mutton":22,"stat.drop.minecraft.diamond_helmet":1,"stat.pickup.dungeontactics.slingshot":1,"stat.pickup.mod_lavacow.banshee_vocal_cord":1,"stat.drop.minecraft.fishing_rod":1,"stat.pickup.minecraft.iron_chestplate":1,"stat.useItem.minecraft.stone_stairs":52,"stat.pickup.minecraft.skull":3,"stat.drop.minecraft.pumpkin_seeds":1,"stat.pickup.minecraft.stone_stairs":51,"stat.drop.explorercraft.amethyst_pickaxe":2,"stat.useItem.quark.slate_wall":19,"stat.craftItem.minecraft.fence_gate":2,"stat.pickup.minecraft.acacia_stairs":2,"stat.pickup.minecraft.pumpkin_seeds":16,"stat.pickup.minecraft.saddle":1,"stat.mineBlock.quark.stone_granite_slab":2,"stat.pickup.mod_lavacow.reapers_scythe":1,"stat.pickup.endreborn.tool_sword_endorium":2,"stat.playOneMinute":1545043,"stat.mineBlock.quark.stone_granite_stairs":1,"stat.pickup.minecraft.iron_bars":4,"stat.pickup.minecraft.netherrack":323,"stat.killEntity.mod_lavacow.raven":1,"stat.pickup.minecraft.spruce_door":21,"stat.mineBlock.minecraft.netherrack":331,"stat.useItem.dungeontactics.iron_cutlass":136,"stat.useItem.minecraft.quartz_ore":1,"stat.craftItem.minecraft.iron_nugget":63,"stat.pickup.endreborn.block_entropy_end_stone":3,"stat.fallOneCm":240241,"stat.drop.minecraft.dye":1,"stat.pickup.minecraft.melon_seeds":9,"stat.pickup.quark.slate":195,"stat.pickup.dungeontactics.stone_plate_greaves":3,"stat.drop.mod_lavacow.scythe_claw":2,"stat.craftItem.minecraft.chest":4,"stat.pickup.dungeontactics.bag_potion":11,"stat.pickup.minecraft.red_mushroom":1,"stat.pickup.minecraft.golden_leggings":6,"stat.pickup.minecraft.melon":3,"stat.pickup.mod_lavacow.scythe_claw":4,"stat.pickup.minecraft.emerald_ore":2,"stat.pickup.minecraft.feather":11,"stat.mineBlock.quark.elder_prismarine":2,"stat.pickup.minecraft.record_cat":1,"stat.useItem.minecraft.furnace":6,"stat.pickup.dungeontactics.bush_cherrybomb":6,"stat.drop.antiqueatlas.antique_atlas":4,"stat.pickup.antiqueatlas.antique_atlas":4,"stat.killEntity.Llama":2,"stat.craftItem.dungeontactics.fire_starter":1,"stat.mineBlock.dungeontactics.bush_cherrybomb":2,"stat.pickup.minecraft.lead":2,"stat.mineBlock.minecraft.gravel":85,"stat.useItem.minecraft.stone_pickaxe":1143,"stat.useItem.minecraft.stone_sword":167,"stat.craftItem.minecraft.iron_leggings":7,"stat.killEntity.grimoireofgaia.bone_knight":3,"stat.pickup.minecraft.redstone_ore":5,"stat.pickup.minecraft.chainmail_boots":9,"stat.craftItem.explorercraft.amethyst_shovel":1,"stat.craftItem.minecraft.leather":122,"stat.pickup.minecraft.record_13":3,"stat.mineBlock.minecraft.monster_egg":9,"stat.useItem.minecraft.bone_block":8,"stat.useItem.minecraft.torch":391,"stat.pickup.minecraft.golden_apple":1,"stat.pickup.minecraft.iron_nugget":49,"stat.pickup.minecraft.birch_fence_gate":1,"stat.craftItem.minecraft.stone_stairs":24,"stat.pickup.minecraft.crafting_table":21,"stat.useItem.minecraft.log":246,"stat.craftItem.minecraft.crafting_table":3,"stat.killEntity.grimoireofgaia.arachne":1,"stat.pickup.futuremc.barrel":9,"stat.mineBlock.quark.stone_speleothem":29,"stat.craftItem.futuremc.barrel":3,"stat.mineBlock.minecraft.emerald_ore":6,"stat.pickup.minecraft.log":522,"stat.pickup.dungeontactics.heart_jar":1,"stat.drop.minecraft.stonebrick":1,"stat.pickup.artifacts.magma_stone":1,"stat.killEntity.grimoireofgaia.nine_tails":3,"stat.pickup.minecraft.chainmail_leggings":11,"stat.pickup.minecraft.sapling":12,"stat.pickup.dungeontactics.bag_tool":12,"stat.pickup.minecraft.wooden_door":1,"stat.drop.minecraft.bow":1,"stat.pickup.netherex.amethyst_crystal":14,"stat.entityKilledBy.quark:dweller":1,"stat.pickup.minecraft.diamond_helmet":2,"stat.pickup.quark.root":1,"stat.craftItem.dungeontactics.silver_shield":2,"stat.pickup.minecraft.golden_sword":8,"stat.craftItem.dungeontactics.iron_shield":10,"stat.pickup.tconstruct.slime_boots":1,"stat.sneakTime":11213,"stat.mineBlock.minecraft.cobblestone_wall":7,"stat.drop.mod_lavacow.foul_bristle":4,"stat.pickup.minecraft.rabbit_stew":2,"stat.useItem.minecraft.baked_potato":27,"stat.pickup.minecraft.stone_slab":85,"stat.pickup.minecraft.yellow_flower":4,"stat.pickup.minecraft.golden_rail":6,"stat.killEntity.grimoireofgaia.minotaurus":2,"stat.useItem.minecraft.fishing_rod":5,"stat.pickup.minecraft.chest":14,"stat.craftItem.minecraft.enchanting_table":1,"stat.craftItem.minecraft.leather_leggings":1,"stat.drop.minecraft.stone_pickaxe":2,"stat.pickup.minecraft.bone":1942,"stat.horseOneCm":304911,"stat.pickup.dungeontactics.bag_mystery":6,"stat.craftItem.quark.stone_granite_slab":12,"stat.pickup.minecraft.record_blocks":2,"stat.useItem.minecraft.log2":6,"stat.pickup.netherex.lively_netherrack":72,"stat.mineBlock.endreborn.block_entropy_end_stone":1,"stat.useItem.minecraft.diamond_sword":2206,"stat.swimOneCm":324517,"stat.climbOneCm":1707,"stat.mineBlock.minecraft.spruce_stairs":12,"stat.craftItem.minecraft.golden_chestplate":1,"stat.mineBlock.quark.roots":8,"stat.useItem.minecraft.dirt":512,"stat.pickup.minecraft.golden_helmet":4,"stat.killEntity.goblin":3,"stat.pickup.moremobss.goatwool":8,"stat.mineBlock.futuremc.barrel":9,"stat.craftItem.antiqueatlas.empty_antique_atlas":2,"stat.pickup.dungeontactics.flower_bramble":3,"stat.killEntity.artifacts.mimic":2,"stat.craftItem.minecraft.bone_block":10,"stat.pickup.minecraft.anvil":6,"stat.craftItem.minecraft.stone_pickaxe":5,"stat.killEntity.flyingeyeball":1,"stat.pickup.minecraft.cobblestone":1691,"stat.mineBlock.minecraft.carpet":13,"stat.pickup.quark.biome_cobblestone":16,"stat.bountiesCommon":5,"stat.useItem.minecraft.stone_shovel":68,"stat.pickup.minecraft.glass_bottle":8,"stat.mineBlock.quark.custom_chest":4,"stat.useItem.minecraft.cooked_beef":55,"stat.pickup.explorercraft.lamb_shank":20,"stat.craftItem.minecraft.wooden_slab":12,"stat.pickup.dungeontactics.gold_cluster":37,"stat.drop.minecraft.clay_ball":1,"stat.pickup.minecraft.redstone":50,"stat.mineBlock.minecraft.iron_ore":290,"stat.craftItem.minecraft.book":1,"stat.pickup.minecraft.mutton":28,"stat.drop.minecraft.coal":6,"stat.pickup.minecraft.cake":1,"stat.pickup.minecraft.wooden_axe":13,"stat.pickup.dungeontactics.mushroom_iron":1,"stat.pickup.minecraft.stonebrick":192,"stat.drop.minecraft.dirt":2,"stat.useItem.minecraft.cooked_porkchop":29,"stat.pickup.minecraft.iron_shovel":4,"stat.pickup.minecraft.carpet":41,"stat.useItem.minecraft.acacia_stairs":2,"stat.pickup.dungeontactics.lantern_iron":3,"stat.drop.dungeontactics.fish_swift":2,"stat.useItem.explorercraft.amethyst_shovel":599,"stat.craftItem.futuremc.lantern":11,"stat.useItem.quark.elder_prismarine":1,"stat.craftItem.minecraft.stone_slab2":0,"stat.pickup.conarm.travel_belt":1,"stat.mineBlock.futuremc.blast_furnace":1,"stat.pickup.mod_lavacow.parasite_item_cooked":7,"stat.craftItem.minecraft.stick":120,"stat.useItem.minecraft.stone_slab":92,"stat.craftItem.minecraft.stone":4,"stat.mineBlock.minecraft.crafting_table":14,"stat.killEntity.Endermite":3,"stat.pickup.dungeontactics.bag_arbour":14,"stat.pickup.minecraft.golden_horse_armor":2,"stat.pickup.explorercraft.amethyst_leggings":1,"stat.craftItem.dungeontactics.wooden_shield":7,"stat.entityKilledBy.Creeper":1,"stat.pickup.endreborn.catalyst":1,"stat.mineBlock.minecraft.planks":51,"stat.drop":112,"stat.killEntity.Sheep":13,"stat.pickup.minecraft.slime_ball":55,"stat.pickup.minecraft.golden_chestplate":11,"stat.pickup.dungeontactics.silver_shield":2,"stat.killEntity.vampire":2,"stat.pickup.minecraft.record_strad":4,"stat.pickup.minecraft.gravel":93,"stat.drop.dungeontactics.iron_cutlass":2,"stat.drop.minecraft.cooked_beef":1,"stat.mineBlock.minecraft.anvil":6,"stat.useItem.quark.biome_cobblestone":12,"stat.mineBlock.dungeontactics.stonequartz_ore":2,"stat.useItem.minecraft.carpet":3,"stat.useItem.minecraft.potion":1,"stat.pickup.dungeontactics.bag_record":12,"stat.useItem.quark.stone_granite_slab":12,"stat.pickup.minecraft.stone_brick_stairs":10,"stat.pickup.minecraft.diamond_sword":3,"stat.killEntity.SkeletonHorse":2,"stat.pickup.minecraft.iron_helmet":2,"stat.pickup.scalinghealth.crystalshard":5,"stat.useItem.minecraft.stone_axe":46,"stat.pickup.minecraft.spider_eye":19,"stat.craftItem.minecraft.iron_helmet":6,"stat.pickup.minecraft.diamond_ore":4,"stat.mineBlock.quark.spruce_trapdoor":35,"stat.drop.minecraft.bed":2,"stat.pickup.explorercraft.amethyst":41,"stat.pickup.minecraft.iron_ore":1,"stat.mineBlock.minecraft.iron_bars":4,"stat.pickup.quark.custom_chest":7,"stat.useItem.explorercraft.marble":51,"stat.mineBlock.explorercraft.amethyst_ore":42,"stat.mineBlock.minecraft.stone_stairs":42,"stat.pickup.minecraft.leather":122,"stat.pickup.dungeontactics.iron_shield":6,"stat.mineBlock.minecraft.furnace":12,"stat.entityKilledBy.grimoireofgaia.nine_tails":1,"stat.useItem.minecraft.wooden_pickaxe":14,"stat.dispenserInspected":1,"stat.drop.minecraft.water_bucket":2,"stat.useItem.quark.spruce_trapdoor":22,"stat.pickup.mod_lavacow.chitin":5,"stat.useItem.dungeontactics.cherry_bomb":2,"stat.pickup.minecraft.reeds":25,"stat.pickup.dungeontactics.bag_book":17,"stat.killEntity.CaveSpider":1,"stat.pickup.dungeontactics.incindiberry":1,"stat.damageDealt":582884,"stat.craftItem.minecraft.glass":33,"stat.sleepInBed":36,"stat.craftItem.minecraft.anvil":3,"stat.craftItem.minecraft.baked_potato":27,"stat.bountiesEpic":1,"stat.killEntity.Cow":29,"stat.mineBlock.quark.roots_blue_flower":1,"stat.useItem.futuremc.barrel":8,"stat.useItem.minecraft.crafting_table":1,"stat.killEntity.Pig":15,"stat.craftItem.minecraft.iron_sword":2,"stat.craftItem.minecraft.stone_shovel":1,"stat.walkOneCm":4275585,"stat.useItem.quark.custom_chest":39,"stat.pickup.minecraft.stick":301,"stat.craftItem.quark.custom_chest":12,"stat.pickup.minecraft.spectral_arrow":36,"stat.pickup.minecraft.clay_ball":36,"stat.craftItem.minecraft.birch_fence_gate":6,"stat.pickup.mod_lavacow.feather_black":3,"stat.useItem.scalinghealth.heartcontainer":33,"stat.pickup.quark.root_flower":7,"stat.mineBlock.quark.stone_slate_slab":3,"stat.pickup.minecraft.tnt":22,"stat.pickup.dungeontactics.fish_swift":3,"stat.useItem.minecraft.spruce_stairs":5,"stat.pickup.minecraft.stone":354,"stat.mineBlock.minecraft.wool":2,"stat.mineBlock.minecraft.packed_ice":9,"stat.pickup.minecraft.gold_ingot":5,"stat.killEntity.Skeleton":801,"stat.pickup.minecraft.record_mellohi":1,"stat.pickup.mod_lavacow.sharptooth":7,"stat.useItem.quark.slate":39,"stat.killEntity.Chicken":1,"stat.killEntity.Spider":24,"stat.pickup.minecraft.bread":8,"stat.pickup.explorercraft.lamb_shank_cooked":13,"stat.craftItem.dungeontactics.fish_obsidian_cooked":1,"stat.pickup.minecraft.quartz":2,"stat.killEntity.mod_lavacow.banshee":8,"stat.pickup.minecraft.spruce_stairs":12,"stat.mineBlock.minecraft.redstone_ore":10,"stat.mineBlock.minecraft.stone":1440}