{"stat.useItem.minecraft.bow":7,"stat.mineBlock.quark.roots_white_flower":1,"stat.mineBlock.explorercraft.basalt_cobblestone":3,"stat.pickup.weeping-angels.kontron_ingot":16,"stat.leaveGame":5,"stat.mineBlock.minecraft.web":9,"stat.drop.minecraft.feather":1,"stat.pickup.minecraft.rotten_flesh":28,"stat.useItem.explorercraft.basalt_cobblestone":11,"stat.pickup.minecraft.bucket":1,"stat.pickup.dungeontactics.iron_cluster":190,"stat.killEntity.Witch":3,"stat.pickup.quark.tallow":36,"stat.useItem.minecraft.iron_pickaxe":849,"stat.pickup.mod_lavacow.intestine":3,"stat.craftItem.minecraft.wooden_pickaxe":1,"stat.craftItem.minecraft.glass_pane":16,"stat.mineBlock.minecraft.vine":1,"stat.furnaceInteraction":139,"stat.useItem.explorercraft.jade_axe":121,"stat.mineBlock.quark.slate":175,"stat.drop.minecraft.red_flower":1,"stat.killEntity.mod_lavacow.mimic":2,"stat.pickup.minecraft.beef":34,"stat.craftItem.explorercraft.jade_axe":1,"stat.pickup.minecraft.leather_helmet":2,"stat.craftItem.futuremc.dye":1,"stat.pickup.minecraft.potion":1,"stat.mineBlock.weeping-angels.kontron_ore":8,"stat.pickup.minecraft.emerald":7,"stat.pickup.dynamictrees.oakseed":1,"stat.deaths":9,"stat.pickup.minecraft.egg":7,"stat.craftItem.minecraft.iron_pickaxe":4,"stat.drop.minecraft.torch":4,"stat.craftItem.minecraft.cooked_mutton":23,"stat.mineBlock.minecraft.tallgrass":10,"stat.pickup.dungeontactics.bag_food":1,"stat.pickup.minecraft.cooked_mutton":16,"stat.chestOpened":383,"stat.useItem.dungeontactics.bush_cherrybomb":1,"stat.pickup.minecraft.arrow":36,"stat.killEntity.grimoireofgaia.cyan_flower":3,"stat.pickup.dungeontactics.bag_ore":1,"stat.killEntity.grimoireofgaia.cecaelia":5,"stat.pickup.minecraft.gold_nugget":4,"stat.drop.minecraft.iron_pickaxe":1,"stat.pickup.futuremc.lantern":5,"stat.craftItem.explorercraft.amethyst_sword":1,"stat.crouchOneCm":1028,"stat.mineBlock.minecraft.chest":3,"stat.pickup.minecraft.rail":14,"stat.killEntity.goat":3,"stat.craftItem.minecraft.iron_ingot":190,"stat.craftingTableInteraction":102,"stat.useItem.futuremc.sweet_berries":24,"stat.useItem.minecraft.reeds":9,"stat.pickup.minecraft.dye":18,"stat.pickup.minecraft.planks":381,"stat.pickup.minecraft.wheat_seeds":3,"stat.pickup.explorercraft.ruby":1,"stat.mineBlock.minecraft.dirt":23,"stat.craftItem.dungeontactics.silver_ingot":16,"stat.mineBlock.quark.biome_cobblestone":2,"stat.useItem.minecraft.bread":42,"stat.useItem.minecraft.cobblestone":393,"stat.useItem.minecraft.gravel":12,"stat.mineBlock.minecraft.double_plant":1,"stat.killEntity.grimoireofgaia.oni":1,"stat.craftItem.quark.slate_wall":6,"stat.killEntity.goblin2":5,"stat.pickup.minecraft.iron_pickaxe":4,"stat.pickup.futuremc.blast_furnace":1,"stat.craftItem.minecraft.gold_ingot":35,"stat.pickup.minecraft.chicken":1,"stat.pickup.minecraft.tipped_arrow":10,"stat.pickup.wearablebackpacks.backpack":2,"stat.pickup.minecraft.banner":4,"stat.useItem.minecraft.glass_pane":7,"stat.mineBlock.futuremc.lantern":2,"stat.craftItem.minecraft.bucket":1,"stat.craftItem.minecraft.planks":332,"stat.useItem.minecraft.iron_sword":14,"stat.pickup.futuremc.cornflower":1,"stat.itemEnchanted":1,"stat.pickup.minecraft.stone_sword":2,"stat.pickup.minecraft.book":15,"stat.useItem.minecraft.stonebrick":3,"stat.mineBlock.minecraft.log":5,"stat.useItem.minecraft.spruce_door":1,"stat.craftItem.quark.stone_slate_slab":6,"stat.mineBlock.dungeontactics.dungeon_glass":2,"stat.craftItem.minecraft.paper":3,"stat.pickup.dungeontactics.bag_quiver":1,"stat.pickup.minecraft.red_flower":7,"stat.pickup.dungeontactics.wooden_shield":1,"stat.pickup.minecraft.wool":21,"stat.craftItem.minecraft.spruce_door":3,"stat.useItem.minecraft.iron_axe":12,"stat.pickup.explorercraft.basalt_cobblestone":20,"stat.pickup.antiqueatlas.empty_antique_atlas":1,"stat.mineBlock.minecraft.cobblestone":179,"stat.useItem.explorercraft.amethyst_pickaxe":285,"stat.pickup.minecraft.stone_pickaxe":1,"stat.pickup.minecraft.flint":4,"stat.pickup.minecraft.leather_chestplate":3,"stat.pickup.minecraft.enchanted_book":1,"stat.pickup.minecraft.cooked_porkchop":5,"stat.useItem.minecraft.stone_slab2":141,"stat.pickup.minecraft.bow":4,"stat.pickup.minecraft.diamond_horse_armor":1,"stat.craftItem.minecraft.furnace":4,"stat.useItem.minecraft.egg":3,"stat.craftItem.minecraft.iron_boots":3,"stat.pickup.minecraft.coal_ore":1,"stat.craftItem.minecraft.cooked_beef":10,"stat.mineBlock.minecraft.clay":1,"stat.pickup.futuremc.sweet_berries":34,"stat.flyOneCm":496664,"stat.timeSinceDeath":21547,"stat.pickup.dungeontactics.magic_scroll":2,"stat.pickup.dungeontactics.silver_cluster":19,"stat.craftItem.minecraft.iron_block":3,"stat.killEntity.Bat":1,"stat.killEntity.mod_lavacow.parasite":3,"stat.mineBlock.dungeontactics.bush_incindiberry":1,"stat.pickup.endreborn.item_shard_obsidian":2,"stat.mineBlock.minecraft.coal_ore":220,"stat.pickup.minecraft.shield":2,"stat.killEntity.Creeper":4,"stat.talkedToVillager":29,"stat.pickup.minecraft.string":24,"stat.pickup.explorercraft.marble":8,"stat.entityKilledBy.Skeleton":1,"stat.pickup.quark.stone_slate_slab":6,"stat.sprintOneCm":617690,"stat.mineBlock.minecraft.stone_slab":36,"stat.mineBlock.dungeontactics.silver_ore":16,"stat.craftItem.dungeontactics.stone_shield":4,"stat.mineBlock.minecraft.diamond_ore":5,"stat.pickup.dungeontactics.stone_shield":2,"stat.pickup.minecraft.leather_leggings":3,"stat.craftItem.dungeontactics.silver_cestus":1,"stat.killEntity.Zombie":29,"stat.craftItem.minecraft.dye":3,"stat.pickup.dungeontactics.magic_powder":4,"stat.mineBlock.minecraft.gold_ore":35,"stat.diveOneCm":70678,"stat.pickup.dungeontactics.magic_pouch":1,"stat.craftItem.minecraft.cooked_porkchop":37,"stat.pickup.minecraft.stone_axe":2,"stat.pickup.mod_lavacow.foul_bristle":8,"stat.pickup.minecraft.obsidian":5,"stat.craftItem.explorercraft.lamb_shank_cooked":1,"stat.mineBlock.mod_lavacow.veil_shroom":1,"stat.jump":4920,"stat.pickup.minecraft.coal":291,"stat.pickup.minecraft.iron_ingot":8,"stat.pickup.dungeontactics.ducttape":2,"stat.pickup.minecraft.gunpowder":8,"stat.craftItem.minecraft.torch":48,"stat.pickup.dungeontactics.iron_cutlass":3,"stat.pickup.minecraft.dirt":115,"stat.drop.futuremc.sweet_berries":2,"stat.mineBlock.minecraft.lapis_ore":3,"stat.mineBlock.minecraft.glass_pane":11,"stat.damageTaken":9921,"stat.mineBlock.minecraft.torch":22,"stat.mineBlock.minecraft.red_flower":4,"stat.mineBlock.dungeontactics.flower_bramble":1,"stat.entityKilledBy.ZombieVillager":1,"stat.pickup.minecraft.bed":4,"stat.pickup.minecraft.potato":1,"stat.entityKilledBy.Zombie":2,"stat.mineBlock.explorercraft.basalt":18,"stat.killEntity.Silverfish":22,"stat.useItem.quark.stone_slate_slab":2,"stat.craftItem.minecraft.stone_slab":30,"stat.useItem.minecraft.chest":2,"stat.pickup.mod_lavacow.mimic_claw":1,"stat.pickup.explorercraft.amethyst_pickaxe":1,"stat.craftItem.minecraft.iron_chestplate":4,"stat.pickup.scalinghealth.heartcontainer":1,"stat.mineBlock.scalinghealth.crystalore":4,"stat.pickup.minecraft.ender_pearl":1,"stat.pickup.minecraft.cooked_beef":10,"stat.mineBlock.minecraft.stonebrick":1,"stat.killEntity.grimoireofgaia.harpy":3,"stat.mobKills":185,"stat.mineBlock.minecraft.bookshelf":4,"stat.pickup.quark.spruce_trapdoor":13,"stat.pickup.minecraft.diamond":9,"stat.pickup.minecraft.iron_horse_armor":1,"stat.pickup.minecraft.torch":53,"stat.entityKilledBy.Silverfish":1,"stat.craftItem.minecraft.compass":2,"stat.pickup.dungeontactics.bag_magic":1,"stat.useItem.minecraft.bookshelf":25,"stat.pickup.grimoireofgaia.misc_soul_fire":4,"stat.pickup.dungeontactics.cherry_bomb":8,"stat.pickup.dungeontactics.iron_knife":1,"stat.useItem.explorercraft.amethyst_sword":535,"stat.pickup.mod_lavacow.cursed_fabric":5,"stat.useItem.minecraft.planks":21,"stat.pickup.minecraft.porkchop":29,"stat.pickup.minecraft.sand":33,"stat.mineBlock.explorercraft.marble":8,"stat.pickup.artifacts.power_glove":1,"stat.craftItem.minecraft.stone_sword":1,"stat.pickup.dynamictrees.spruceseed":19,"stat.mineBlock.minecraft.sand":33,"stat.craftItem.explorercraft.amethyst_pickaxe":1,"stat.drop.dynamictrees.spruceseed":2,"stat.pickup.dungeontactics.bush_incindiberry":1,"stat.craftItem.wearablebackpacks.backpack":3,"stat.pickup.mod_lavacow.ectoplasm":3,"stat.killEntity.stonegolem":1,"stat.mineBlock.futuremc.cornflower":1,"stat.pickup.minecraft.furnace":3,"stat.pickup.dungeontactics.slingshot":1,"stat.useItem.minecraft.stone_stairs":32,"stat.pickup.minecraft.stone_stairs":35,"stat.drop.explorercraft.amethyst_pickaxe":1,"stat.useItem.quark.slate_wall":5,"stat.pickup.minecraft.pumpkin_seeds":2,"stat.playOneMinute":449365,"stat.pickup.minecraft.iron_bars":4,"stat.killEntity.mod_lavacow.raven":1,"stat.pickup.minecraft.spruce_door":4,"stat.useItem.dungeontactics.iron_cutlass":136,"stat.craftItem.minecraft.iron_nugget":18,"stat.fallOneCm":83506,"stat.drop.minecraft.dye":1,"stat.pickup.quark.slate":176,"stat.pickup.dungeontactics.stone_plate_greaves":3,"stat.drop.mod_lavacow.scythe_claw":2,"stat.craftItem.minecraft.chest":2,"stat.pickup.dungeontactics.bag_potion":1,"stat.pickup.mod_lavacow.scythe_claw":4,"stat.pickup.minecraft.feather":4,"stat.pickup.dungeontactics.bush_cherrybomb":4,"stat.killEntity.Llama":2,"stat.mineBlock.dungeontactics.bush_cherrybomb":1,"stat.mineBlock.minecraft.gravel":73,"stat.useItem.minecraft.stone_pickaxe":456,"stat.useItem.minecraft.stone_sword":35,"stat.craftItem.minecraft.iron_leggings":3,"stat.killEntity.grimoireofgaia.bone_knight":2,"stat.pickup.minecraft.chainmail_boots":2,"stat.craftItem.explorercraft.amethyst_shovel":1,"stat.craftItem.minecraft.leather":18,"stat.useItem.minecraft.torch":128,"stat.pickup.minecraft.golden_apple":1,"stat.pickup.minecraft.iron_nugget":30,"stat.craftItem.minecraft.stone_stairs":16,"stat.pickup.minecraft.crafting_table":6,"stat.useItem.minecraft.log":4,"stat.craftItem.minecraft.crafting_table":2,"stat.killEntity.grimoireofgaia.arachne":1,"stat.pickup.futuremc.barrel":9,"stat.mineBlock.quark.stone_speleothem":26,"stat.craftItem.futuremc.barrel":3,"stat.mineBlock.minecraft.emerald_ore":2,"stat.pickup.minecraft.log":197,"stat.drop.minecraft.stonebrick":1,"stat.pickup.artifacts.magma_stone":1,"stat.killEntity.grimoireofgaia.nine_tails":1,"stat.pickup.dungeontactics.bag_tool":1,"stat.entityKilledBy.quark:dweller":1,"stat.pickup.quark.root":1,"stat.craftItem.dungeontactics.silver_shield":2,"stat.craftItem.dungeontactics.iron_shield":4,"stat.sneakTime":1627,"stat.drop.mod_lavacow.foul_bristle":4,"stat.pickup.minecraft.stone_slab":52,"stat.pickup.minecraft.yellow_flower":2,"stat.pickup.minecraft.golden_rail":2,"stat.pickup.minecraft.chest":5,"stat.craftItem.minecraft.enchanting_table":1,"stat.pickup.minecraft.bone":33,"stat.horseOneCm":9948,"stat.pickup.dungeontactics.bag_mystery":1,"stat.swimOneCm":105099,"stat.climbOneCm":1707,"stat.mineBlock.minecraft.spruce_stairs":6,"stat.mineBlock.quark.roots":7,"stat.useItem.minecraft.dirt":39,"stat.killEntity.goblin":1,"stat.pickup.moremobss.goatwool":6,"stat.mineBlock.futuremc.barrel":9,"stat.craftItem.antiqueatlas.empty_antique_atlas":2,"stat.pickup.dungeontactics.flower_bramble":3,"stat.killEntity.artifacts.mimic":2,"stat.craftItem.minecraft.stone_pickaxe":4,"stat.pickup.minecraft.cobblestone":720,"stat.mineBlock.minecraft.carpet":13,"stat.pickup.quark.biome_cobblestone":16,"stat.useItem.minecraft.stone_shovel":68,"stat.pickup.minecraft.glass_bottle":2,"stat.mineBlock.quark.custom_chest":3,"stat.useItem.minecraft.cooked_beef":8,"stat.pickup.explorercraft.lamb_shank":20,"stat.craftItem.minecraft.wooden_slab":6,"stat.pickup.dungeontactics.gold_cluster":35,"stat.pickup.minecraft.redstone":45,"stat.mineBlock.minecraft.iron_ore":190,"stat.craftItem.minecraft.book":1,"stat.pickup.minecraft.mutton":24,"stat.pickup.minecraft.cake":1,"stat.pickup.minecraft.wooden_axe":1,"stat.pickup.dungeontactics.mushroom_iron":1,"stat.pickup.minecraft.stonebrick":12,"stat.useItem.minecraft.cooked_porkchop":21,"stat.pickup.minecraft.carpet":26,"stat.useItem.explorercraft.amethyst_shovel":34,"stat.craftItem.futuremc.lantern":4,"stat.craftItem.minecraft.stone_slab2":0,"stat.mineBlock.futuremc.blast_furnace":1,"stat.pickup.mod_lavacow.parasite_item_cooked":1,"stat.craftItem.minecraft.stick":60,"stat.useItem.minecraft.stone_slab":38,"stat.mineBlock.minecraft.crafting_table":5,"stat.craftItem.dungeontactics.wooden_shield":6,"stat.entityKilledBy.Creeper":1,"stat.pickup.endreborn.catalyst":1,"stat.mineBlock.minecraft.planks":2,"stat.drop":22,"stat.killEntity.Sheep":12,"stat.pickup.minecraft.slime_ball":2,"stat.pickup.minecraft.golden_chestplate":2,"stat.pickup.minecraft.gravel":79,"stat.drop.dungeontactics.iron_cutlass":2,"stat.useItem.quark.biome_cobblestone":12,"stat.mineBlock.dungeontactics.stonequartz_ore":2,"stat.useItem.minecraft.carpet":3,"stat.pickup.minecraft.iron_helmet":1,"stat.pickup.scalinghealth.crystalshard":5,"stat.useItem.minecraft.stone_axe":46,"stat.pickup.minecraft.spider_eye":2,"stat.craftItem.minecraft.iron_helmet":2,"stat.mineBlock.quark.spruce_trapdoor":12,"stat.pickup.explorercraft.amethyst":20,"stat.mineBlock.minecraft.iron_bars":4,"stat.pickup.quark.custom_chest":5,"stat.mineBlock.explorercraft.amethyst_ore":21,"stat.mineBlock.minecraft.stone_stairs":28,"stat.pickup.minecraft.leather":37,"stat.pickup.dungeontactics.iron_shield":1,"stat.mineBlock.minecraft.furnace":2,"stat.entityKilledBy.grimoireofgaia.nine_tails":1,"stat.useItem.minecraft.wooden_pickaxe":14,"stat.useItem.quark.spruce_trapdoor":6,"stat.useItem.dungeontactics.cherry_bomb":2,"stat.pickup.minecraft.reeds":25,"stat.pickup.dungeontactics.bag_book":3,"stat.killEntity.CaveSpider":1,"stat.damageDealt":59050,"stat.craftItem.minecraft.glass":33,"stat.sleepInBed":17,"stat.craftItem.minecraft.anvil":1,"stat.killEntity.Cow":18,"stat.mineBlock.quark.roots_blue_flower":1,"stat.useItem.futuremc.barrel":8,"stat.killEntity.Pig":12,"stat.craftItem.minecraft.iron_sword":1,"stat.craftItem.minecraft.stone_shovel":1,"stat.walkOneCm":1357496,"stat.useItem.quark.custom_chest":34,"stat.pickup.minecraft.stick":162,"stat.craftItem.quark.custom_chest":6,"stat.pickup.minecraft.clay_ball":6,"stat.pickup.mod_lavacow.feather_black":1,"stat.pickup.quark.root_flower":5,"stat.useItem.minecraft.spruce_stairs":3,"stat.pickup.minecraft.stone":16,"stat.mineBlock.minecraft.packed_ice":9,"stat.pickup.minecraft.gold_ingot":3,"stat.killEntity.Skeleton":20,"stat.pickup.mod_lavacow.sharptooth":2,"stat.useItem.quark.slate":8,"stat.killEntity.Chicken":1,"stat.killEntity.Spider":6,"stat.pickup.minecraft.bread":1,"stat.pickup.explorercraft.lamb_shank_cooked":11,"stat.pickup.minecraft.quartz":2,"stat.killEntity.mod_lavacow.banshee":3,"stat.pickup.minecraft.spruce_stairs":6,"stat.mineBlock.minecraft.redstone_ore":10,"stat.mineBlock.minecraft.stone":534}