{"stat.pickup.dynamictrees.acaciaseed":2,"stat.pickup.grimpack.parabuzzy_shell":1,"stat.walkOneCm":18625,"stat.pickup.minecraft.stick":4,"stat.useItem.minecraft.iron_axe":1,"stat.leaveGame":1,"stat.useItem.lsc.requiem":3,"stat.killEntity.ParaBuzzy":1,"stat.damageTaken":28,"stat.mobKills":3,"stat.pickup.minecraft.log2":2,"stat.flyOneCm":8242,"stat.jump":86,"stat.swimOneCm":551,"stat.playOneMinute":10703,"stat.pickup.minecraft.fish":2,"stat.fallOneCm":2076,"stat.useItem.minecraft.cooked_beef":1,"stat.sneakTime":22,"stat.damageDealt":485,"stat.crouchOneCm":1,"stat.timeSinceDeath":10703,"stat.pickup.lootbags.itemlootbag":1,"stat.sprintOneCm":7784,"stat.pickup.minecraft.chainmail_boots":1,"stat.diveOneCm":4282,"stat.killEntity.Piranha":2}