{"stat.useItem.minecraft.bow":1173,"stat.mineBlock.quark.roots_white_flower":1,"stat.mineBlock.explorercraft.basalt_cobblestone":15,"stat.pickup.weeping-angels.kontron_ingot":17,"stat.leaveGame":6,"stat.mineBlock.minecraft.web":28,"stat.drop.minecraft.feather":1,"stat.pickup.minecraft.rotten_flesh":103,"stat.pickup.mod_lavacow.parasite_item":1,"stat.useItem.explorercraft.basalt_cobblestone":57,"stat.useItem.dungeontactics.iron_knife":11,"stat.pickup.minecraft.bucket":2,"stat.pickup.minecraft.leather_boots":2,"stat.pickup.dungeontactics.iron_cluster":255,"stat.killEntity.Witch":3,"stat.pickup.quark.tallow":36,"stat.useItem.minecraft.iron_pickaxe":849,"stat.pickup.mod_lavacow.intestine":7,"stat.craftItem.minecraft.wooden_pickaxe":1,"stat.craftItem.minecraft.glass_pane":16,"stat.mineBlock.minecraft.vine":1,"stat.pickup.minecraft.wooden_shovel":1,"stat.furnaceInteraction":175,"stat.useItem.explorercraft.jade_axe":132,"stat.mineBlock.quark.slate":175,"stat.drop.minecraft.red_flower":1,"stat.killEntity.mod_lavacow.mimic":6,"stat.pickup.minecraft.beef":34,"stat.craftItem.explorercraft.jade_axe":1,"stat.pickup.minecraft.leather_helmet":2,"stat.craftItem.futuremc.dye":1,"stat.pickup.minecraft.potion":2,"stat.mineBlock.weeping-angels.kontron_ore":9,"stat.pickup.minecraft.emerald":8,"stat.pickup.dynamictrees.oakseed":1,"stat.deaths":22,"stat.pickup.minecraft.egg":8,"stat.craftItem.minecraft.iron_pickaxe":4,"stat.drop.minecraft.torch":47,"stat.drop.minecraft.glass_bottle":1,"stat.craftItem.minecraft.cooked_mutton":23,"stat.mineBlock.minecraft.tallgrass":12,"stat.pickup.dungeontactics.bag_food":1,"stat.pickup.minecraft.cooked_mutton":23,"stat.chestOpened":488,"stat.useItem.minecraft.splash_potion":1,"stat.useItem.dungeontactics.bush_cherrybomb":1,"stat.useItem.minecraft.stone":129,"stat.pickup.minecraft.arrow":71,"stat.killEntity.grimoireofgaia.cyan_flower":3,"stat.pickup.dungeontactics.bag_ore":1,"stat.killEntity.grimoireofgaia.cecaelia":7,"stat.pickup.minecraft.gold_nugget":4,"stat.drop.minecraft.iron_pickaxe":1,"stat.pickup.futuremc.lantern":5,"stat.craftItem.explorercraft.amethyst_sword":1,"stat.crouchOneCm":2214,"stat.mineBlock.minecraft.chest":3,"stat.pickup.minecraft.rail":14,"stat.killEntity.goat":3,"stat.craftItem.minecraft.iron_ingot":256,"stat.craftingTableInteraction":145,"stat.pickup.minecraft.wooden_pickaxe":2,"stat.useItem.futuremc.sweet_berries":69,"stat.useItem.minecraft.reeds":9,"stat.pickup.minecraft.dye":25,"stat.pickup.minecraft.planks":390,"stat.pickup.minecraft.wheat_seeds":3,"stat.pickup.explorercraft.ruby":1,"stat.mineBlock.minecraft.dirt":42,"stat.craftItem.dungeontactics.silver_ingot":16,"stat.mineBlock.quark.biome_cobblestone":2,"stat.useItem.minecraft.bread":45,"stat.drop.minecraft.rotten_flesh":2,"stat.useItem.minecraft.cobblestone":628,"stat.useItem.minecraft.gravel":12,"stat.mineBlock.minecraft.double_plant":1,"stat.killEntity.grimoireofgaia.oni":1,"stat.craftItem.quark.slate_wall":6,"stat.killEntity.goblin2":5,"stat.pickup.minecraft.iron_pickaxe":4,"stat.pickup.futuremc.blast_furnace":1,"stat.craftItem.minecraft.gold_ingot":35,"stat.pickup.minecraft.chicken":1,"stat.pickup.minecraft.tipped_arrow":19,"stat.pickup.wearablebackpacks.backpack":2,"stat.pickup.minecraft.banner":4,"stat.useItem.minecraft.glass_pane":7,"stat.mineBlock.futuremc.lantern":2,"stat.craftItem.minecraft.bucket":3,"stat.craftItem.minecraft.planks":372,"stat.useItem.minecraft.iron_sword":353,"stat.pickup.futuremc.cornflower":1,"stat.itemEnchanted":1,"stat.pickup.minecraft.stone_sword":4,"stat.pickup.minecraft.book":15,"stat.useItem.minecraft.stonebrick":29,"stat.mineBlock.minecraft.log":5,"stat.useItem.minecraft.spruce_door":1,"stat.craftItem.quark.stone_slate_slab":6,"stat.mineBlock.dungeontactics.dungeon_glass":2,"stat.craftItem.minecraft.paper":3,"stat.pickup.dungeontactics.bag_quiver":2,"stat.pickup.minecraft.red_flower":7,"stat.pickup.dungeontactics.wooden_shield":1,"stat.pickup.minecraft.wool":21,"stat.craftItem.minecraft.spruce_door":3,"stat.useItem.minecraft.iron_axe":114,"stat.pickup.explorercraft.basalt_cobblestone":90,"stat.pickup.antiqueatlas.empty_antique_atlas":1,"stat.mineBlock.minecraft.cobblestone":240,"stat.useItem.explorercraft.amethyst_pickaxe":1100,"stat.pickup.minecraft.stone_pickaxe":3,"stat.pickup.minecraft.flint":4,"stat.pickup.minecraft.leather_chestplate":5,"stat.craftItem.minecraft.wool":1,"stat.pickup.minecraft.enchanted_book":2,"stat.pickup.minecraft.cooked_porkchop":13,"stat.useItem.minecraft.stone_slab2":253,"stat.pickup.minecraft.bow":6,"stat.pickup.minecraft.iron_boots":1,"stat.pickup.minecraft.diamond_horse_armor":1,"stat.craftItem.minecraft.furnace":8,"stat.pickup.minecraft.golden_axe":2,"stat.useItem.minecraft.egg":4,"stat.craftItem.minecraft.iron_boots":6,"stat.pickup.minecraft.coal_ore":1,"stat.craftItem.minecraft.cooked_beef":15,"stat.craftItem.minecraft.bow":1,"stat.mineBlock.minecraft.clay":2,"stat.pickup.futuremc.sweet_berries":68,"stat.flyOneCm":639940,"stat.timeSinceDeath":11518,"stat.pickup.dungeontactics.magic_scroll":3,"stat.pickup.dungeontactics.silver_cluster":19,"stat.craftItem.minecraft.iron_block":6,"stat.killEntity.Bat":4,"stat.killEntity.mod_lavacow.parasite":14,"stat.mineBlock.dungeontactics.bush_incindiberry":1,"stat.pickup.minecraft.chainmail_helmet":1,"stat.pickup.endreborn.item_shard_obsidian":2,"stat.mineBlock.minecraft.coal_ore":306,"stat.pickup.minecraft.shield":4,"stat.killEntity.Creeper":4,"stat.talkedToVillager":29,"stat.pickup.minecraft.string":75,"stat.pickup.explorercraft.marble":75,"stat.entityKilledBy.Skeleton":5,"stat.pickup.quark.stone_slate_slab":6,"stat.sprintOneCm":822261,"stat.mineBlock.minecraft.stone_slab":38,"stat.mineBlock.dungeontactics.silver_ore":16,"stat.craftItem.dungeontactics.stone_shield":5,"stat.mineBlock.minecraft.diamond_ore":5,"stat.pickup.dungeontactics.stone_shield":2,"stat.pickup.minecraft.leather_leggings":3,"stat.craftItem.dungeontactics.silver_cestus":1,"stat.pickup.dungeontactics.mortar&pestle":1,"stat.useItem.minecraft.wooden_sword":14,"stat.killEntity.Zombie":136,"stat.craftItem.minecraft.dye":99,"stat.pickup.dungeontactics.magic_powder":4,"stat.mineBlock.minecraft.gold_ore":35,"stat.diveOneCm":85385,"stat.pickup.dungeontactics.magic_pouch":2,"stat.craftItem.minecraft.cooked_porkchop":37,"stat.pickup.minecraft.stone_axe":5,"stat.pickup.mod_lavacow.foul_bristle":8,"stat.pickup.minecraft.obsidian":5,"stat.craftItem.explorercraft.lamb_shank_cooked":1,"stat.mineBlock.mod_lavacow.veil_shroom":1,"stat.jump":7905,"stat.pickup.minecraft.coal":384,"stat.pickup.minecraft.iron_ingot":11,"stat.pickup.dungeontactics.ducttape":2,"stat.pickup.minecraft.gunpowder":10,"stat.craftItem.minecraft.torch":124,"stat.pickup.dungeontactics.iron_cutlass":3,"stat.pickup.minecraft.dirt":153,"stat.drop.futuremc.sweet_berries":2,"stat.mineBlock.minecraft.lapis_ore":3,"stat.entityKilledBy.grimoireofgaia.oni":1,"stat.pickup.minecraft.iron_axe":2,"stat.mineBlock.minecraft.glass_pane":11,"stat.damageTaken":22958,"stat.useItem.minecraft.stone_brick_stairs":5,"stat.mineBlock.minecraft.torch":56,"stat.mineBlock.minecraft.red_flower":4,"stat.mineBlock.dungeontactics.flower_bramble":1,"stat.pickup.minecraft.log2":4,"stat.entityKilledBy.ZombieVillager":1,"stat.pickup.minecraft.bed":4,"stat.pickup.minecraft.potato":3,"stat.pickup.dungeontactics.magic_tether":1,"stat.entityKilledBy.Zombie":3,"stat.mineBlock.explorercraft.basalt":79,"stat.killEntity.Silverfish":227,"stat.useItem.quark.stone_slate_slab":2,"stat.craftItem.minecraft.stone_slab":30,"stat.useItem.minecraft.chest":2,"stat.pickup.mod_lavacow.mimic_claw":1,"stat.pickup.explorercraft.amethyst_pickaxe":1,"stat.craftItem.minecraft.iron_chestplate":7,"stat.pickup.scalinghealth.heartcontainer":4,"stat.mineBlock.scalinghealth.crystalore":4,"stat.pickup.minecraft.ender_pearl":1,"stat.pickup.minecraft.cooked_beef":10,"stat.mineBlock.minecraft.stonebrick":111,"stat.killEntity.grimoireofgaia.harpy":3,"stat.mobKills":658,"stat.mineBlock.minecraft.bookshelf":4,"stat.pickup.quark.spruce_trapdoor":13,"stat.pickup.minecraft.diamond":9,"stat.pickup.minecraft.iron_horse_armor":1,"stat.pickup.minecraft.torch":112,"stat.entityKilledBy.Silverfish":6,"stat.craftItem.minecraft.compass":2,"stat.pickup.dungeontactics.bag_magic":4,"stat.useItem.minecraft.bookshelf":25,"stat.pickup.grimoireofgaia.misc_soul_fire":4,"stat.pickup.dungeontactics.cherry_bomb":10,"stat.pickup.dungeontactics.iron_knife":1,"stat.useItem.explorercraft.amethyst_sword":831,"stat.pickup.mod_lavacow.cursed_fabric":6,"stat.useItem.minecraft.planks":63,"stat.pickup.minecraft.porkchop":29,"stat.useItem.minecraft.water_bucket":17,"stat.mineBlock.minecraft.stone_brick_stairs":4,"stat.pickup.minecraft.sand":33,"stat.entityKilledBy.Spider":1,"stat.pickup.minecraft.name_tag":2,"stat.mineBlock.explorercraft.marble":68,"stat.pickup.artifacts.power_glove":1,"stat.craftItem.minecraft.stone_sword":2,"stat.pickup.dynamictrees.spruceseed":23,"stat.pickup.minecraft.chainmail_chestplate":1,"stat.mineBlock.minecraft.sand":33,"stat.craftItem.explorercraft.amethyst_pickaxe":3,"stat.drop.dynamictrees.spruceseed":3,"stat.pickup.dungeontactics.bush_incindiberry":1,"stat.craftItem.wearablebackpacks.backpack":4,"stat.pickup.mod_lavacow.ectoplasm":4,"stat.killEntity.stonegolem":1,"stat.mineBlock.futuremc.cornflower":1,"stat.pickup.minecraft.furnace":5,"stat.useItem.minecraft.cooked_mutton":21,"stat.pickup.dungeontactics.slingshot":1,"stat.useItem.minecraft.stone_stairs":32,"stat.pickup.minecraft.skull":1,"stat.pickup.minecraft.stone_stairs":35,"stat.drop.explorercraft.amethyst_pickaxe":2,"stat.useItem.quark.slate_wall":5,"stat.pickup.minecraft.pumpkin_seeds":4,"stat.playOneMinute":752635,"stat.pickup.minecraft.iron_bars":4,"stat.killEntity.mod_lavacow.raven":1,"stat.pickup.minecraft.spruce_door":4,"stat.useItem.dungeontactics.iron_cutlass":136,"stat.craftItem.minecraft.iron_nugget":18,"stat.fallOneCm":133985,"stat.drop.minecraft.dye":1,"stat.pickup.quark.slate":176,"stat.pickup.dungeontactics.stone_plate_greaves":3,"stat.drop.mod_lavacow.scythe_claw":2,"stat.craftItem.minecraft.chest":2,"stat.pickup.dungeontactics.bag_potion":2,"stat.pickup.mod_lavacow.scythe_claw":4,"stat.pickup.minecraft.feather":5,"stat.useItem.minecraft.furnace":2,"stat.pickup.dungeontactics.bush_cherrybomb":6,"stat.killEntity.Llama":2,"stat.mineBlock.dungeontactics.bush_cherrybomb":2,"stat.mineBlock.minecraft.gravel":77,"stat.useItem.minecraft.stone_pickaxe":659,"stat.useItem.minecraft.stone_sword":137,"stat.craftItem.minecraft.iron_leggings":6,"stat.killEntity.grimoireofgaia.bone_knight":2,"stat.pickup.minecraft.chainmail_boots":3,"stat.craftItem.explorercraft.amethyst_shovel":1,"stat.craftItem.minecraft.leather":83,"stat.pickup.minecraft.record_13":1,"stat.mineBlock.minecraft.monster_egg":8,"stat.useItem.minecraft.bone_block":8,"stat.useItem.minecraft.torch":215,"stat.pickup.minecraft.golden_apple":1,"stat.pickup.minecraft.iron_nugget":34,"stat.craftItem.minecraft.stone_stairs":16,"stat.pickup.minecraft.crafting_table":10,"stat.useItem.minecraft.log":4,"stat.craftItem.minecraft.crafting_table":3,"stat.killEntity.grimoireofgaia.arachne":1,"stat.pickup.futuremc.barrel":9,"stat.mineBlock.quark.stone_speleothem":28,"stat.craftItem.futuremc.barrel":3,"stat.mineBlock.minecraft.emerald_ore":2,"stat.pickup.minecraft.log":203,"stat.drop.minecraft.stonebrick":1,"stat.pickup.artifacts.magma_stone":1,"stat.killEntity.grimoireofgaia.nine_tails":1,"stat.pickup.minecraft.chainmail_leggings":3,"stat.pickup.dungeontactics.bag_tool":4,"stat.entityKilledBy.quark:dweller":1,"stat.pickup.quark.root":1,"stat.craftItem.dungeontactics.silver_shield":2,"stat.craftItem.dungeontactics.iron_shield":8,"stat.sneakTime":5508,"stat.drop.mod_lavacow.foul_bristle":4,"stat.pickup.minecraft.stone_slab":55,"stat.pickup.minecraft.yellow_flower":2,"stat.pickup.minecraft.golden_rail":6,"stat.pickup.minecraft.chest":7,"stat.craftItem.minecraft.enchanting_table":1,"stat.pickup.minecraft.bone":69,"stat.horseOneCm":9948,"stat.pickup.dungeontactics.bag_mystery":2,"stat.swimOneCm":220819,"stat.climbOneCm":1707,"stat.mineBlock.minecraft.spruce_stairs":6,"stat.mineBlock.quark.roots":7,"stat.useItem.minecraft.dirt":69,"stat.pickup.minecraft.golden_helmet":1,"stat.killEntity.goblin":1,"stat.pickup.moremobss.goatwool":6,"stat.mineBlock.futuremc.barrel":9,"stat.craftItem.antiqueatlas.empty_antique_atlas":2,"stat.pickup.dungeontactics.flower_bramble":3,"stat.killEntity.artifacts.mimic":2,"stat.craftItem.minecraft.bone_block":10,"stat.pickup.minecraft.anvil":2,"stat.craftItem.minecraft.stone_pickaxe":5,"stat.pickup.minecraft.cobblestone":1083,"stat.mineBlock.minecraft.carpet":13,"stat.pickup.quark.biome_cobblestone":16,"stat.useItem.minecraft.stone_shovel":68,"stat.pickup.minecraft.glass_bottle":2,"stat.mineBlock.quark.custom_chest":3,"stat.useItem.minecraft.cooked_beef":24,"stat.pickup.explorercraft.lamb_shank":20,"stat.craftItem.minecraft.wooden_slab":6,"stat.pickup.dungeontactics.gold_cluster":35,"stat.pickup.minecraft.redstone":45,"stat.mineBlock.minecraft.iron_ore":257,"stat.craftItem.minecraft.book":1,"stat.pickup.minecraft.mutton":24,"stat.pickup.minecraft.cake":1,"stat.pickup.minecraft.wooden_axe":2,"stat.pickup.dungeontactics.mushroom_iron":1,"stat.pickup.minecraft.stonebrick":135,"stat.useItem.minecraft.cooked_porkchop":21,"stat.pickup.minecraft.carpet":26,"stat.useItem.explorercraft.amethyst_shovel":37,"stat.craftItem.futuremc.lantern":5,"stat.craftItem.minecraft.stone_slab2":0,"stat.mineBlock.futuremc.blast_furnace":1,"stat.pickup.mod_lavacow.parasite_item_cooked":1,"stat.craftItem.minecraft.stick":96,"stat.useItem.minecraft.stone_slab":39,"stat.mineBlock.minecraft.crafting_table":9,"stat.pickup.dungeontactics.bag_arbour":1,"stat.pickup.minecraft.golden_horse_armor":1,"stat.craftItem.dungeontactics.wooden_shield":7,"stat.entityKilledBy.Creeper":1,"stat.pickup.endreborn.catalyst":1,"stat.mineBlock.minecraft.planks":11,"stat.drop":72,"stat.killEntity.Sheep":12,"stat.pickup.minecraft.slime_ball":7,"stat.pickup.minecraft.golden_chestplate":2,"stat.pickup.dungeontactics.silver_shield":1,"stat.killEntity.vampire":1,"stat.pickup.minecraft.gravel":83,"stat.drop.dungeontactics.iron_cutlass":2,"stat.mineBlock.minecraft.anvil":2,"stat.useItem.quark.biome_cobblestone":12,"stat.mineBlock.dungeontactics.stonequartz_ore":2,"stat.useItem.minecraft.carpet":3,"stat.useItem.minecraft.potion":1,"stat.pickup.minecraft.stone_brick_stairs":8,"stat.pickup.minecraft.iron_helmet":1,"stat.pickup.scalinghealth.crystalshard":5,"stat.useItem.minecraft.stone_axe":46,"stat.pickup.minecraft.spider_eye":5,"stat.craftItem.minecraft.iron_helmet":5,"stat.mineBlock.quark.spruce_trapdoor":12,"stat.pickup.explorercraft.amethyst":39,"stat.mineBlock.minecraft.iron_bars":4,"stat.pickup.quark.custom_chest":5,"stat.useItem.explorercraft.marble":47,"stat.mineBlock.explorercraft.amethyst_ore":40,"stat.mineBlock.minecraft.stone_stairs":28,"stat.pickup.minecraft.leather":37,"stat.pickup.dungeontactics.iron_shield":3,"stat.mineBlock.minecraft.furnace":4,"stat.entityKilledBy.grimoireofgaia.nine_tails":1,"stat.useItem.minecraft.wooden_pickaxe":14,"stat.dispenserInspected":1,"stat.drop.minecraft.water_bucket":2,"stat.useItem.quark.spruce_trapdoor":6,"stat.useItem.dungeontactics.cherry_bomb":2,"stat.pickup.minecraft.reeds":25,"stat.pickup.dungeontactics.bag_book":4,"stat.killEntity.CaveSpider":1,"stat.damageDealt":117208,"stat.craftItem.minecraft.glass":33,"stat.sleepInBed":17,"stat.craftItem.minecraft.anvil":2,"stat.killEntity.Cow":18,"stat.mineBlock.quark.roots_blue_flower":1,"stat.useItem.futuremc.barrel":8,"stat.killEntity.Pig":12,"stat.craftItem.minecraft.iron_sword":2,"stat.craftItem.minecraft.stone_shovel":1,"stat.walkOneCm":2319396,"stat.useItem.quark.custom_chest":34,"stat.pickup.minecraft.stick":171,"stat.craftItem.quark.custom_chest":6,"stat.pickup.minecraft.clay_ball":16,"stat.pickup.mod_lavacow.feather_black":1,"stat.useItem.scalinghealth.heartcontainer":2,"stat.pickup.quark.root_flower":5,"stat.useItem.minecraft.spruce_stairs":3,"stat.pickup.minecraft.stone":215,"stat.mineBlock.minecraft.packed_ice":9,"stat.pickup.minecraft.gold_ingot":4,"stat.killEntity.Skeleton":86,"stat.pickup.mod_lavacow.sharptooth":3,"stat.useItem.quark.slate":8,"stat.killEntity.Chicken":1,"stat.killEntity.Spider":17,"stat.pickup.minecraft.bread":1,"stat.pickup.explorercraft.lamb_shank_cooked":11,"stat.pickup.minecraft.quartz":2,"stat.killEntity.mod_lavacow.banshee":5,"stat.pickup.minecraft.spruce_stairs":6,"stat.mineBlock.minecraft.redstone_ore":10,"stat.mineBlock.minecraft.stone":1021}