{"stat.chestOpened":33,"stat.pickup.minecraft.bone":2,"stat.drop.conarm.book":1,"stat.entityKilledBy.grimoireofgaia.spriggan":2,"stat.leaveGame":2,"stat.mineBlock.minecraft.cobblestone":4,"stat.useItem.minecraft.log2":1,"stat.craftItem.minecraft.cooked_porkchop":16,"stat.useItem.dungeontactics.stone_battleaxe":29,"stat.jump":643,"stat.swimOneCm":4566,"stat.pickup.minecraft.coal":62,"stat.fallOneCm":17283,"stat.useItem.minecraft.stone_axe":22,"stat.pickup.minecraft.porkchop":29,"stat.craftItem.minecraft.chest":1,"stat.craftItem.minecraft.torch":24,"stat.pickup.minecraft.dirt":3,"stat.useItem.minecraft.dirt":1,"stat.useItem.minecraft.stone_slab2":9,"stat.killEntity.Piranha":7,"stat.mineBlock.explorercraft.cherry_leaves":1,"stat.craftingTableInteraction":11,"stat.useItem.minecraft.egg":1,"stat.craftItem.minecraft.stone_axe":1,"stat.mineBlock.minecraft.log2":1,"stat.damageTaken":2042,"stat.pickup.minecraft.leather":1,"stat.craftItem.minecraft.stone_pickaxe":1,"stat.mineBlock.minecraft.torch":1,"stat.useItem.minecraft.wooden_pickaxe":10,"stat.pickup.minecraft.cobblestone":42,"stat.pickup.minecraft.log2":4,"stat.pickup.minecraft.planks":7,"stat.killEntity.Llama":1,"stat.craftItem.minecraft.stone_sword":1,"stat.flyOneCm":123465,"tombstone:undead_killed":4,"stat.killEntity.Witch":1,"stat.pickup.minecraft.fish":3,"stat.drop.minecraft.wheat_seeds":1,"stat.useItem.minecraft.stone_pickaxe":94,"stat.craftItem.minecraft.wooden_slab":6,"stat.useItem.minecraft.stone_sword":37,"stat.pickup.quark.tallow":20,"stat.damageDealt":3238,"stat.sleepInBed":1,"stat.timeSinceDeath":15492,"stat.mineBlock.minecraft.dirt":3,"stat.craftItem.minecraft.wooden_pickaxe":1,"stat.killEntity.Pig":12,"stat.useItem.minecraft.wooden_slab":2,"stat.walkOneCm":129105,"stat.pickup.dynamictrees.birchseed":2,"stat.pickup.minecraft.stick":23,"stat.craftItem.quark.custom_chest":1,"stat.pickup.minecraft.crafting_table":2,"stat.useItem.minecraft.cobblestone":9,"stat.craftItem.minecraft.crafting_table":1,"stat.furnaceInteraction":9,"stat.useItem.minecraft.cooked_porkchop":5,"stat.drop.dungeontactics.flower_ailment":1,"stat.mineBlock.minecraft.coal_ore":62,"stat.pickup.minecraft.log":37,"stat.pickup.dungeontactics.flower_ailment":1,"stat.useItem.tombstone.gift":1,"stat.entityKilledBy.Skeleton":1,"stat.craftItem.minecraft.stone_slab2":0,"stat.craftItem.dungeontactics.stone_battleaxe":1,"stat.pickup.dynamictreesquark.blossomingseed":1,"stat.pickup.explorercraft.cherry_sapling":1,"stat.sprintOneCm":113938,"stat.pickup.minecraft.wooden_door":1,"stat.pickup.minecraft.skull":2,"stat.craftItem.minecraft.stick":16,"stat.killEntity.Skeleton":1,"stat.entityKilledBy.Rogue":1,"stat.craftItem.minecraft.planks":100,"stat.craftItem.dungeontactics.stone_shield":1,"stat.mineBlock.minecraft.crafting_table":2,"stat.pickup.explorercraft.cherry_log":6,"stat.pickup.dungeontactics.bag_arbour":1,"stat.mineBlock.explorercraft.cherry_log":6,"stat.mobKills":25,"stat.pickup.dynamictrees.oakseed":1,"stat.craftItem.dungeontactics.wooden_shield":1,"stat.deaths":4,"stat.mineBlock.minecraft.planks":1,"stat.drop":3,"stat.pickup.minecraft.egg":1,"stat.playOneMinute":49676,"stat.pickup.minecraft.torch":1,"stat.sneakTime":17,"stat.killEntity.Zombie":3,"stat.mineBlock.minecraft.stone":38,"stat.diveOneCm":13333}