{"stat.chestOpened":96,"stat.pickup.dungeontactics.iron_plate_boots":1,"stat.useItem.minecraft.bow":10,"stat.pickup.minecraft.bone":5,"stat.killEntity.grimoireofgaia.banshee":2,"stat.pickup.minecraft.wooden_slab":1,"stat.pickup.dungeontactics.bag_mystery":1,"stat.useItem.minecraft.stone":1,"stat.drop.conarm.book":1,"stat.pickup.blocklings.blockling":4,"stat.entityKilledBy.grimoireofgaia.spriggan":2,"stat.leaveGame":2,"stat.pickup.minecraft.arrow":4,"stat.pickup.explorercraft.basalt_cobblestone":7,"stat.mineBlock.minecraft.cobblestone":7,"stat.useItem.minecraft.log2":1,"stat.craftItem.minecraft.cooked_porkchop":27,"stat.pickup.grimoireofgaia.misc_soul_fire":4,"stat.useItem.dungeontactics.iron_cutlass":114,"stat.pickup.dungeontactics.cherry_bomb":10,"stat.pickup.minecraft.gold_nugget":4,"stat.craftItem.explorercraft.lamb_shank_cooked":5,"stat.craftItem.minecraft.wool":3,"stat.useItem.dungeontactics.stone_battleaxe":31,"stat.pickup.dungeontactics.bag_record":1,"stat.jump":1326,"stat.swimOneCm":26037,"stat.pickup.minecraft.coal":122,"stat.fallOneCm":34548,"stat.pickup.minecraft.iron_ingot":4,"stat.useItem.minecraft.planks":1,"stat.mineBlock.minecraft.web":2,"stat.useItem.minecraft.stone_axe":38,"stat.pickup.minecraft.porkchop":32,"stat.crouchOneCm":678,"stat.pickup.minecraft.spider_eye":4,"stat.craftItem.minecraft.chest":1,"stat.craftItem.minecraft.torch":24,"stat.craftItem.minecraft.iron_ingot":6,"stat.pickup.minecraft.dirt":20,"stat.useItem.minecraft.dirt":15,"stat.useItem.minecraft.stone_slab2":19,"stat.pickup.minecraft.bow":1,"stat.killEntity.Piranha":7,"stat.mineBlock.explorercraft.cherry_leaves":1,"stat.drop.blocklings.blockling":3,"stat.craftingTableInteraction":26,"stat.entityKilledBy.mod_lavacow.mimic":1,"stat.pickup.minecraft.rotten_flesh":7,"stat.useItem.minecraft.egg":1,"stat.useItem.explorercraft.basalt_cobblestone":1,"stat.craftItem.minecraft.stone_axe":1,"stat.mineBlock.minecraft.log2":1,"stat.damageTaken":5536,"stat.pickup.minecraft.leather":1,"stat.pickup.minecraft.feather":1,"stat.pickup.minecraft.name_tag":1,"stat.craftItem.minecraft.stone_pickaxe":5,"stat.mineBlock.minecraft.torch":3,"stat.useItem.minecraft.wooden_pickaxe":10,"stat.pickup.minecraft.cobblestone":72,"stat.pickup.minecraft.record_chirp":1,"stat.mineBlock.minecraft.wooden_slab":1,"stat.pickup.minecraft.log2":4,"stat.craftItem.minecraft.bow":1,"stat.pickup.minecraft.dye":9,"stat.pickup.minecraft.planks":8,"stat.useItem.dungeontactics.cherry_bomb":7,"stat.killEntity.Llama":1,"stat.pickup.dungeontactics.iron_cluster":13,"stat.craftItem.minecraft.stone_sword":1,"stat.killEntity.CaveSpider":1,"stat.flyOneCm":252631,"tombstone:undead_killed":17,"stat.killEntity.Witch":1,"stat.pickup.minecraft.fish":3,"stat.drop.minecraft.wheat_seeds":1,"stat.entityKilledBy.Zombie":1,"stat.useItem.minecraft.stone_pickaxe":204,"stat.craftItem.minecraft.wooden_slab":6,"stat.pickup.explorercraft.lamb_shank":5,"stat.useItem.minecraft.stone_sword":63,"stat.pickup.quark.tallow":25,"stat.mineBlock.explorercraft.basalt":7,"stat.damageDealt":10421,"stat.mineBlock.minecraft.iron_ore":13,"stat.sleepInBed":1,"stat.timeSinceDeath":57168,"stat.mineBlock.minecraft.dirt":24,"stat.pickup.mod_lavacow.intestine":3,"stat.craftItem.minecraft.wooden_pickaxe":1,"stat.killEntity.Pig":14,"stat.useItem.minecraft.wooden_slab":3,"stat.craftItem.dungeontactics.iron_cutlass":1,"stat.pickup.minecraft.mutton":4,"stat.walkOneCm":283893,"stat.craftItem.minecraft.bed":1,"stat.useItem.minecraft.torch":6,"stat.pickup.dynamictrees.birchseed":2,"stat.pickup.minecraft.stick":40,"stat.pickup.minecraft.iron_nugget":4,"stat.craftItem.quark.custom_chest":1,"stat.drop.minecraft.rotten_flesh":2,"stat.pickup.minecraft.crafting_table":2,"stat.entityKilledBy.grimoireofgaia.banshee":1,"stat.pickup.minecraft.spectral_arrow":6,"stat.useItem.minecraft.cobblestone":33,"stat.craftItem.minecraft.crafting_table":1,"stat.furnaceInteraction":33,"stat.useItem.minecraft.cooked_porkchop":22,"stat.killEntity.ZombieVillager":2,"stat.drop.dungeontactics.flower_ailment":1,"stat.mineBlock.minecraft.coal_ore":122,"stat.pickup.mod_lavacow.mimic_claw":3,"stat.pickup.minecraft.log":80,"stat.pickup.minecraft.string":7,"stat.pickup.dungeontactics.flower_ailment":1,"stat.killEntity.mod_lavacow.mimic":2,"stat.useItem.tombstone.gift":1,"stat.drop.dungeontactics.cherry_bomb":3,"stat.pickup.tombstone.crafting_ingredient":5,"stat.killEntity.grimoireofgaia.gryphon":2,"stat.entityKilledBy.Skeleton":3,"stat.craftItem.minecraft.stone_slab2":0,"stat.pickup.minecraft.stone":2,"stat.craftItem.dungeontactics.stone_battleaxe":1,"stat.killEntity.grimoireofgaia.dullahan":2,"stat.pickup.dynamictreesquark.blossomingseed":1,"stat.pickup.explorercraft.cherry_sapling":1,"stat.sprintOneCm":214031,"stat.pickup.minecraft.wooden_door":1,"stat.pickup.minecraft.skull":3,"stat.craftItem.minecraft.stick":28,"stat.killEntity.Skeleton":3,"stat.drop.dynamictrees.oakseed":1,"stat.entityKilledBy.Rogue":1,"stat.craftItem.minecraft.planks":100,"stat.craftItem.dungeontactics.stone_shield":3,"stat.mineBlock.minecraft.crafting_table":2,"stat.killEntity.Spider":5,"stat.pickup.minecraft.stone_sword":1,"stat.craftItem.dungeontactics.iron_plate_boots":1,"stat.pickup.explorercraft.cherry_log":6,"stat.pickup.dungeontactics.bag_arbour":1,"stat.mineBlock.explorercraft.cherry_log":6,"stat.mobKills":51,"stat.pickup.dynamictrees.oakseed":5,"stat.craftItem.dungeontactics.wooden_shield":2,"stat.pickup.dungeontactics.stone_cutlass":2,"stat.deaths":9,"stat.mineBlock.minecraft.planks":2,"stat.useItem.dungeontactics.stone_cutlass":53,"stat.drop":12,"stat.pickup.minecraft.egg":1,"stat.pickup.minecraft.beetroot_seeds":4,"stat.pickup.dungeontactics.bag_quiver":1,"stat.playOneMinute":123476,"stat.craftItem.dungeontactics.stone_cutlass":2,"stat.pickup.minecraft.torch":3,"stat.killEntity.Sheep":3,"stat.sneakTime":508,"stat.pickup.minecraft.slime_ball":3,"stat.pickup.minecraft.wool":3,"stat.killEntity.Zombie":10,"stat.mineBlock.minecraft.stone":65,"stat.diveOneCm":20824}