{
  "dungeontactics:dungeoneering/born_survivor": {
    "criteria": {
      "stab": "2024-08-05 02:17:33 +0000"
    },
    "done": false
  },
  "explorercraft:explorercraft/root": {
    "criteria": {
      "explorercraft": "2024-08-05 02:17:33 +0000"
    },
    "done": true
  },
  "mod_lavacow:mod_lavacow/root": {
    "criteria": {
      "tick": "2024-08-05 02:17:33 +0000"
    },
    "done": true
  },
  "tombstone:tutorial/root": {
    "criteria": {
      "auto": "2024-08-05 02:17:33 +0000"
    },
    "done": true
  },
  "mowziesmobs:root": {
    "criteria": {
      "custom_test_name": "2024-08-05 02:17:33 +0000"
    },
    "done": true
  },
  "twilightforest:alt/compat/tconstruct": {
    "criteria": {
      "book": "2024-08-05 02:17:33 +0000"
    },
    "done": true
  },
  "minecraft:adventure/adventuring_time": {
    "criteria": {
      "forest_hills": "2024-08-05 02:17:33 +0000"
    },
    "done": false
  }
}